route_id,distance_km,speed_kmph,traffic_level,hour_of_day,day_of_week,previous_eta,actual_eta
2,26.15,26.08,Medium,12,0,74.98,76.19
3,44.84,28.12,Medium,7,4,119.31,119.73
3,41.98,36.75,Medium,9,2,85.06,84.66
3,30.91,35.57,Low,14,3,49.67,51.61
3,40.61,25.04,High,17,5,156.0,154.72
3,39.48,41.88,Medium,2,1,71.04,71.37
2,29.6,35.86,Medium,22,2,63.09,63.18
3,34.85,34.55,Low,23,2,58.06,60.5
1,12.01,53.56,Medium,5,3,18.42,18.56
1,16.15,30.92,Low,16,3,34.07,31.19
2,20.14,26.87,Medium,3,4,52.71,55.63
2,28.77,46.24,High,10,0,61.13,58.27
1,15.33,29.42,Medium,16,2,38.97,38.37
2,21.62,53.93,High,7,2,40.69,38.29
2,20.83,29.53,Low,21,6,44.73,43.48
2,24.29,25.39,Medium,6,3,72.93,72.77
3,37.06,51.43,High,13,0,70.98,69.08
1,15.58,49.89,Low,6,4,19.8,18.95
1,17.15,25.84,High,4,5,61.81,62.86
3,30.57,33.09,High,10,0,91.21,88.82
2,29.83,31.02,High,1,0,91.3,92.11
2,25.98,42.29,Low,12,0,35.32,35.12
1,12.79,44.98,Low,22,3,15.44,15.19
3,36.82,25.93,Low,23,4,85.01,84.64
3,42.04,45.26,Medium,0,6,69.79,71.64
1,13.22,48.55,Low,4,0,18.79,18.29
1,16.0,36.23,Medium,18,1,30.74,31.27
1,14.62,50.29,Medium,15,5,19.28,21.54
1,12.21,46.0,Low,22,1,15.24,15.65
1,13.6,26.58,Medium,20,3,34.38,36.8
1,12.75,48.92,High,19,5,22.86,25.38
2,24.81,47.94,Low,13,1,31.41,31.21
2,27.92,52.89,Medium,12,0,36.1,37.96
3,33.24,49.86,High,8,3,61.67,64.62
3,35.01,26.91,Low,3,6,77.74,79.06
1,12.19,42.45,Medium,16,2,25.64,22.85
2,23.28,52.37,Low,14,5,23.82,26.6
1,14.45,44.81,Low,17,6,22.12,19.62
2,23.7,25.27,Low,17,6,55.15,57.77
3,44.51,37.05,Low,6,2,74.46,73.61
3,38.32,32.84,Low,18,5,73.88,71.95
3,44.72,53.19,High,5,2,78.71,80.38
3,34.66,30.21,Low,2,4,66.95,66.84
1,17.62,40.96,Low,15,3,25.7,25.7
2,22.96,36.43,High,19,0,62.38,62.24
2,20.49,49.52,Low,21,3,20.6,23.2
1,14.42,49.03,Low,11,4,15.7,17.46
1,17.69,45.94,Medium,14,4,27.72,28.4
1,17.92,26.84,Low,1,3,39.28,40.51
1,17.18,37.84,Low,21,2,23.53,26.19
3,37.06,53.08,Low,2,2,38.3,40.55
3,43.82,49.92,High,18,0,87.03,85.17
1,13.75,28.18,Medium,19,1,39.39,38.34
1,12.88,45.55,High,13,3,27.19,27.21
2,29.33,43.38,Medium,4,5,50.39,49.79
3,37.87,42.28,High,12,4,83.47,85.86
1,17.41,29.17,Low,12,4,32.4,34.5
2,24.85,43.11,Low,18,4,36.79,34.92
2,23.49,25.37,Low,1,2,58.78,56.97
1,14.67,32.03,Low,3,2,30.54,29.1
3,40.17,29.51,Medium,8,3,103.37,103.14
2,27.58,29.71,Low,0,2,55.39,54.31
1,15.48,41.18,High,22,2,38.24,37.01
1,16.44,46.1,Medium,8,6,25.73,27.33
3,38.01,40.29,Medium,23,2,69.58,69.55
3,43.08,51.96,High,17,1,78.23,79.96
1,13.52,28.19,Low,4,4,27.12,29.71
1,13.27,35.71,High,11,6,37.44,36.31
1,16.06,43.35,High,15,5,33.12,33.71
3,43.57,38.08,High,21,3,108.67,108.25
3,30.31,27.66,Low,15,0,61.89,64.07
2,22.43,33.05,High,19,1,68.14,66.28
1,16.92,38.89,Medium,6,6,34.82,34.26
3,44.95,35.21,Medium,5,5,93.44,96.3
1,12.49,51.25,Medium,13,2,17.73,16.41
3,42.25,26.53,High,14,5,151.75,151.28
2,28.24,51.77,Low,17,0,34.46,33.21
3,33.47,38.46,Medium,12,2,64.25,65.73
1,15.71,26.23,High,16,2,59.48,56.94
2,21.99,38.16,High,23,1,55.17,54.4
2,26.23,25.52,High,5,5,98.13,98.54
3,36.04,37.23,Low,7,0,59.12,58.48
1,17.93,25.49,High,18,2,64.39,67.27
3,34.13,49.83,Low,15,3,40.86,39.63
3,34.22,54.27,Medium,19,6,50.14,47.3
2,28.02,34.91,Low,15,5,48.86,46.83
2,22.74,50.48,High,18,4,43.16,44.3
1,15.84,54.24,High,16,6,30.11,27.4
2,23.28,39.91,Medium,17,6,42.81,44.59
3,41.61,53.13,Low,16,3,47.78,45.56
2,27.53,32.42,Low,1,5,50.61,51.3
1,17.22,37.05,High,4,2,47.37,44.71
3,33.9,47.55,Medium,15,1,54.9,53.46
1,17.76,49.39,Medium,1,3,28.46,26.33
3,41.01,54.69,High,1,6,74.88,73.38
2,26.8,44.02,Medium,20,2,47.26,46.87
1,17.55,53.1,Medium,22,4,22.04,23.44
1,16.55,48.5,High,18,6,33.36,34.08
3,34.88,42.8,High,15,2,79.84,79.79
1,16.11,36.7,High,22,1,42.12,43.93
3,44.64,48.21,High,19,6,89.33,89.29
3,30.03,34.97,Low,20,1,50.62,49.8
1,13.32,33.66,High,8,6,39.89,37.79
3,36.03,34.69,Medium,3,6,76.37,76.15
3,43.47,43.61,Low,14,0,58.64,58.79
3,34.73,42.26,High,6,6,77.59,80.48
1,16.67,26.47,Medium,1,1,45.74,47.04
2,24.32,44.21,High,11,6,49.2,51.86
2,25.04,43.36,High,8,5,55.93,55.58
2,27.91,39.11,Medium,3,0,50.45,52.47
1,17.15,46.62,Medium,10,2,24.85,25.69
3,32.97,25.7,Medium,20,6,95.35,97.85
3,32.12,48.86,Medium,9,1,50.21,48.15
1,16.57,50.01,Low,9,6,17.54,18.03
3,42.93,35.21,Medium,11,6,93.83,92.37
3,30.46,46.52,High,17,5,64.67,64.39
3,41.55,26.27,High,22,6,148.67,150.79
1,16.31,29.06,Medium,22,6,42.53,42.35
3,40.53,34.44,Low,0,1,68.68,68.89
3,42.33,54.66,High,0,1,74.79,73.87
3,41.65,49.66,Medium,3,1,60.48,63.08
1,16.72,28.81,Low,21,4,33.31,36.18
3,34.18,36.13,High,8,6,89.84,91.69
3,37.1,25.44,Low,23,2,85.97,88.71
3,38.27,54.35,High,1,6,71.61,69.15
3,42.28,35.43,Medium,11,1,88.66,88.58
3,38.24,35.14,Medium,7,1,80.49,82.49
2,20.3,45.21,Medium,1,6,33.71,33.37
2,28.4,43.97,Low,16,0,40.6,39.72
2,26.31,39.63,Low,22,2,41.15,39.65
3,41.05,54.7,Low,17,3,44.0,46.55
1,14.58,50.92,Low,11,6,20.89,19.08
3,36.47,37.04,Low,23,3,58.52,59.61
1,12.47,49.78,Medium,22,1,17.94,18.88
1,12.64,54.76,Medium,22,6,20.03,18.0
3,37.44,25.12,High,21,1,146.58,145.05
2,28.3,38.13,Low,4,6,47.65,45.1
3,37.71,33.8,Low,11,2,67.02,68.31
1,12.69,28.77,Medium,15,1,35.09,32.81
2,28.3,31.32,Medium,4,2,70.45,68.84
3,31.3,43.12,Low,8,5,42.45,45.22
2,29.63,33.86,Low,21,1,50.75,53.68
2,21.98,43.63,Medium,20,2,33.78,36.65
2,28.3,29.69,Low,21,1,57.6,57.05
2,24.2,36.72,Medium,4,3,50.27,51.31
1,13.52,47.15,Medium,20,4,23.31,20.62
2,29.68,35.54,High,8,1,78.09,78.48
3,38.94,37.68,Medium,17,0,80.84,78.91
1,15.61,38.61,Medium,12,2,30.66,30.97
3,40.02,50.82,Medium,6,1,57.91,58.43
3,44.76,27.65,Medium,10,1,122.01,119.56
2,22.98,48.33,High,13,3,47.01,46.92
2,23.63,54.18,Medium,17,5,32.72,31.92
2,27.69,38.8,Medium,8,0,56.36,55.25
2,25.58,47.25,Medium,18,3,40.88,39.24
3,31.21,32.93,High,1,0,94.68,91.98
2,26.49,28.15,Medium,6,6,72.06,69.15
3,38.18,49.21,Medium,22,6,59.33,59.14
3,34.6,33.44,Low,2,1,65.52,63.61
1,15.21,54.52,Low,9,5,15.9,15.5
3,38.0,44.49,High,21,2,82.7,80.57
3,38.59,25.35,High,10,2,145.74,144.14
1,14.65,45.81,High,22,4,29.21,31.43
2,23.57,26.48,High,10,1,83.02,83.96
1,15.03,34.64,Medium,6,3,31.1,33.22
3,38.1,27.1,Low,4,2,80.67,82.88
3,39.3,40.4,Low,13,6,58.56,59.56
2,27.3,48.11,Low,15,3,35.79,34.37
1,14.75,38.04,Low,1,0,25.81,25.13
1,15.86,25.47,Low,8,2,38.43,39.33
3,43.1,25.04,Low,21,2,101.77,102.26
2,23.22,27.73,Medium,7,3,59.76,61.93
3,41.51,54.14,High,11,6,72.36,73.55
1,12.54,28.5,High,6,0,43.74,40.85
1,14.18,31.28,Medium,19,2,33.87,34.99
1,17.1,33.45,Medium,0,2,37.74,39.68
3,30.95,35.98,High,2,0,84.27,83.25
3,43.75,33.45,Low,5,0,80.41,79.8
2,26.59,45.49,Low,13,2,37.57,35.33
3,35.61,28.98,Low,13,6,72.03,74.43
3,34.48,33.59,Low,11,3,60.65,61.34
3,41.78,46.19,Low,13,4,53.75,54.53
3,39.31,41.21,High,22,0,95.06,92.14
2,21.65,36.85,High,14,1,56.57,58.36
2,28.62,49.4,Medium,19,5,43.19,42.22
3,40.02,49.65,High,17,5,79.72,78.45
2,21.79,36.34,High,2,2,55.94,58.91
2,21.21,42.1,High,2,2,47.56,48.28
3,43.96,43.98,Low,5,6,59.66,60.41
3,39.77,44.67,Medium,16,3,64.36,66.02
1,17.89,53.76,High,0,4,32.93,30.87
3,41.42,49.62,Medium,16,0,59.94,61.34
3,42.14,50.22,Low,9,3,46.64,48.96
1,16.38,32.49,Low,17,2,30.6,29.63
2,27.63,30.72,Medium,3,3,65.25,67.73
2,22.31,50.21,Medium,2,2,28.61,31.56
3,42.25,39.59,Medium,5,5,78.73,80.81
1,13.62,50.14,Low,15,4,16.67,14.76
2,22.19,43.94,Medium,1,0,40.07,39.37
2,26.92,39.34,Medium,22,6,50.16,51.45
2,23.69,30.63,Medium,23,2,55.46,56.59
3,40.08,52.3,High,8,6,74.52,72.24
2,20.73,49.08,High,12,4,41.69,41.6
3,43.63,34.72,Medium,22,5,95.6,95.54
3,32.56,43.8,Low,3,4,44.78,43.59
1,14.1,30.28,Low,10,2,31.34,29.48
1,16.02,52.56,Low,13,0,20.25,19.36
1,17.28,36.44,Low,5,4,25.32,27.04
2,22.14,44.91,Low,14,6,28.85,31.41
1,17.13,25.35,Low,21,4,44.53,42.25
3,41.88,45.49,Low,0,0,51.32,54.09
1,16.54,48.09,Medium,8,3,29.95,27.19
1,16.53,53.73,High,9,3,31.23,31.34
1,16.12,47.64,High,8,3,35.27,32.49
2,23.3,45.22,Low,5,5,30.48,30.7
2,23.84,45.77,Low,22,5,28.97,31.44
3,42.43,47.04,Low,7,0,51.98,52.42
1,12.7,37.54,Low,5,6,21.56,20.08
3,34.08,45.94,Low,22,1,47.79,45.9
2,29.92,40.2,High,16,1,72.65,73.14
3,33.55,26.67,Low,13,6,73.74,74.5
1,16.57,38.85,High,8,6,42.94,40.07
3,40.89,31.48,Medium,10,6,98.25,96.57
3,30.87,39.13,Low,2,5,48.0,46.13
1,13.08,35.43,High,18,5,38.12,37.18
1,17.94,45.22,Low,22,1,22.04,22.01
1,16.06,39.28,Medium,15,6,31.44,31.72
3,34.5,48.14,Low,3,3,44.22,42.71
2,26.68,51.78,Low,10,1,30.58,32.37
2,28.28,32.26,Low,18,0,50.4,50.75
2,21.03,54.08,Medium,23,4,28.77,27.59
3,41.84,35.8,Low,23,4,71.07,71.05
2,24.91,35.97,Medium,5,5,53.02,53.62
2,29.72,25.58,High,8,0,110.53,111.5
2,20.13,27.36,Low,12,5,43.73,43.52
2,24.67,45.33,High,11,5,49.15,52.14
3,44.05,45.29,High,16,4,92.93,93.91
1,13.08,52.9,Low,23,5,16.47,13.89
2,28.23,42.24,Low,8,1,37.67,40.32
2,20.69,43.74,Medium,11,0,35.97,34.07
2,20.84,31.51,Medium,3,2,48.79,48.3
1,14.15,42.56,Medium,14,4,25.81,24.52
1,15.65,34.63,Medium,23,5,33.56,32.28
3,41.86,50.24,Low,14,0,47.2,49.34
2,24.2,46.47,Medium,4,0,38.98,39.92
2,21.26,25.6,High,20,2,79.36,79.65
3,43.5,36.68,Medium,1,3,86.44,89.38
3,30.16,45.9,High,18,0,65.74,64.59
1,12.72,42.28,Medium,12,4,25.11,23.04
1,17.86,29.2,Low,4,1,36.11,36.67
3,42.17,50.55,Low,15,2,52.57,51.01
1,12.5,29.46,Low,4,2,21.7,23.94
3,32.19,28.7,High,17,3,112.48,109.64
3,34.58,26.99,Low,15,3,74.24,75.12
1,17.04,51.12,Medium,15,5,26.63,23.94
1,17.71,35.38,Medium,17,0,37.81,36.93
3,40.82,47.83,High,9,5,82.7,81.75
1,12.37,50.79,High,6,6,25.94,23.8
3,43.53,48.06,Low,8,1,54.98,54.23
3,40.82,54.11,Low,2,5,42.98,44.58
1,15.72,46.32,Medium,14,3,22.32,24.09
1,14.01,44.63,Low,8,1,16.28,18.06
3,39.06,35.62,Medium,16,3,86.41,84.0
2,27.72,27.93,Low,0,4,62.05,61.42
1,17.13,37.09,Low,16,1,29.92,29.45
1,14.55,43.65,High,8,1,35.51,33.0
1,12.38,25.66,Medium,5,4,34.59,37.02
1,15.83,29.26,Low,12,4,30.78,31.3
1,17.03,31.72,High,21,1,50.51,50.4
1,16.08,49.38,Low,6,5,17.19,18.14
3,36.88,48.5,Low,19,0,46.71,46.37
2,20.71,25.0,Medium,22,1,64.62,63.35
3,38.91,44.99,High,22,3,85.42,83.86
1,13.52,29.12,Medium,4,5,38.37,36.39
1,13.76,35.42,Low,21,1,24.19,23.06
1,14.46,34.87,Medium,19,0,34.56,31.67
1,17.19,31.6,Low,0,2,29.5,31.06
3,44.53,30.48,Low,12,0,91.91,89.42
3,37.59,49.93,Medium,10,3,59.48,58.26
2,28.31,28.77,Low,5,6,58.64,58.19
2,29.55,43.43,Medium,14,3,50.95,51.54
2,29.08,41.73,Low,5,0,44.51,42.56
3,40.46,35.22,Low,1,0,69.57,68.14
3,35.43,35.43,High,20,0,95.29,97.75
3,41.41,48.84,Medium,2,5,63.36,62.95
3,38.53,51.22,Low,19,2,42.16,45.01
3,40.09,31.69,High,19,3,124.41,123.1
1,17.04,34.1,Low,2,6,29.4,31.84
1,13.75,37.38,Low,0,4,22.31,23.62
3,35.99,37.98,Medium,7,4,73.26,70.65
3,38.33,27.2,Low,3,1,85.51,82.99
3,43.67,39.51,Low,0,2,66.76,65.15
2,23.25,52.09,Low,12,0,30.04,28.74
2,21.1,25.92,Medium,21,3,61.24,62.28
2,23.89,39.79,Medium,21,1,44.16,44.3
1,12.39,37.23,Low,1,0,22.81,21.66
3,40.48,35.08,Medium,11,3,86.1,88.4
1,13.26,36.18,Medium,20,4,27.66,25.98
1,15.17,46.44,Medium,2,5,21.51,23.56
3,33.98,50.22,Medium,21,6,52.83,52.01
1,13.8,35.77,Medium,9,3,29.13,29.18
1,17.01,40.75,Medium,4,6,34.85,33.2
1,13.01,31.53,Low,9,2,23.25,25.41
3,39.99,43.44,Medium,11,6,69.2,68.38
3,34.91,40.21,High,9,6,87.28,84.58
1,14.87,28.15,Medium,19,3,35.97,37.95
2,23.46,40.27,Low,12,0,37.48,35.29
3,33.06,41.39,Medium,15,2,58.55,59.48
2,21.27,53.27,High,6,4,42.45,40.1
3,44.87,53.49,Low,13,5,50.93,50.59
2,27.92,48.25,High,19,5,59.61,57.09
2,27.21,54.9,High,9,4,45.94,46.41
1,15.32,37.37,Low,17,2,27.4,25.41
3,44.56,49.9,Low,19,3,55.52,52.87
2,27.74,50.28,Low,3,2,34.63,34.1
1,12.37,52.65,High,19,3,25.64,24.4
2,21.88,49.96,Low,5,6,25.95,25.3
1,14.88,50.9,Medium,21,4,19.55,20.02
2,20.38,33.56,Low,10,3,32.97,35.84
3,41.67,35.56,Medium,18,1,86.5,87.9
3,40.69,42.64,Low,16,0,57.94,58.67
3,39.62,34.51,Low,23,4,71.69,69.32
2,27.74,40.89,Medium,0,1,50.17,49.65
2,27.98,29.1,Low,13,6,59.1,58.6
1,17.81,51.68,High,20,0,34.53,31.88
1,13.3,28.84,Medium,11,3,36.97,35.39
2,24.41,34.0,High,10,0,69.0,67.93
3,33.61,47.93,Medium,20,1,50.8,51.03
3,38.3,54.06,Medium,12,2,53.05,53.6
1,15.43,29.31,High,5,0,51.18,49.22
3,41.82,25.15,High,11,3,159.55,161.3
1,12.39,39.01,Low,19,6,19.49,19.48
3,42.63,35.74,Low,13,2,70.29,70.78
2,23.22,27.58,Low,14,0,52.48,50.02
3,42.05,45.18,Medium,8,4,72.13,71.5
3,31.02,29.03,Low,13,2,67.38,64.47
3,33.14,36.36,Low,20,3,52.39,54.22
3,37.89,25.67,High,6,5,145.61,143.12
1,15.3,51.45,Low,22,0,15.76,16.7
2,29.38,28.78,Low,5,2,59.13,61.04
2,24.51,42.4,Medium,1,1,43.08,43.02
2,20.81,34.27,Medium,2,4,43.81,44.32
1,13.62,54.0,High,11,5,21.48,23.2
1,14.31,30.71,High,0,4,43.65,42.92
2,25.26,50.1,Low,8,2,31.91,31.15
2,29.26,44.08,Medium,8,0,45.82,48.17
2,29.4,30.3,Low,22,2,58.51,59.88
1,12.77,34.54,Medium,14,5,27.31,28.05
3,38.36,30.5,High,17,3,121.85,121.77
2,29.34,46.79,Medium,12,5,47.46,46.3
3,43.37,51.05,High,23,1,80.09,80.57
2,22.55,35.36,Medium,2,5,50.28,49.79
2,26.83,53.01,Low,6,0,31.17,32.14
2,22.58,46.34,Low,3,3,30.82,30.52
2,26.21,32.83,High,0,0,77.59,75.45
1,17.81,32.05,High,23,6,48.91,51.48
1,15.33,28.06,Low,13,6,36.12,33.36
1,17.35,26.6,Low,17,3,41.37,39.34
3,43.04,36.23,Medium,17,5,87.65,89.74
2,22.05,39.62,Low,12,6,32.43,34.14
3,36.42,39.28,Low,11,0,54.66,55.94
3,34.25,49.14,Low,23,1,39.5,40.21
2,27.58,27.36,Low,8,6,61.06,60.02
1,16.3,40.23,High,23,6,38.17,36.95
3,44.42,29.1,Medium,18,0,115.35,115.36
1,14.36,25.49,High,20,5,58.76,55.92
2,28.31,42.85,Low,20,3,39.44,41.62
3,42.31,40.85,High,19,2,94.91,97.81
2,29.8,32.75,High,16,5,84.46,87.23
1,15.59,48.39,Medium,3,0,26.0,25.17
1,15.03,34.37,High,4,4,41.32,42.81
3,34.63,27.61,High,8,4,119.5,121.02
3,33.34,38.24,Medium,2,2,67.45,65.58
3,44.67,50.42,Low,17,4,53.45,52.37
3,32.21,53.12,Low,16,3,35.41,37.78
3,32.47,39.68,High,1,2,75.73,78.61
3,31.94,40.51,Medium,11,4,60.22,61.04
2,29.34,50.0,Low,23,0,37.59,34.83
3,44.2,30.21,Medium,5,6,109.56,108.62
1,17.57,31.3,High,8,6,50.81,52.89
2,21.17,43.61,Low,15,5,32.03,29.93
2,23.81,25.57,Medium,10,3,68.57,68.02
3,33.13,37.13,High,7,0,86.32,85.1
3,39.63,32.36,Medium,4,6,91.68,92.81
3,32.64,35.85,Low,17,5,57.09,55.31
2,24.31,52.71,Low,6,2,25.21,25.83
1,17.45,37.92,Low,10,3,31.51,28.6
3,42.32,50.33,Low,9,1,48.54,48.52
2,23.77,48.75,High,17,6,45.24,45.39
1,12.73,53.21,Medium,8,0,19.97,17.34
3,36.7,28.89,High,7,4,122.1,123.52
1,12.21,29.11,Medium,7,5,30.86,31.27
3,43.25,36.08,Medium,17,0,85.57,88.26
2,22.48,34.31,High,19,2,59.26,61.99
1,15.02,48.84,Medium,21,0,25.69,22.7
1,17.53,47.34,High,8,0,38.27,35.45
1,15.02,42.66,Low,5,2,20.8,22.16
1,13.28,34.35,Low,11,0,18.72,21.59
2,20.65,36.12,High,21,3,54.65,54.11
1,12.41,52.26,Medium,19,4,20.35,18.09
1,17.2,31.49,Medium,11,2,41.35,41.35
2,27.81,41.51,Low,20,1,39.8,38.45
1,15.06,50.55,Low,7,4,15.85,16.72
1,14.09,32.53,Medium,12,1,32.63,34.09
3,44.68,49.63,Medium,3,6,70.16,68.77
3,43.4,25.59,Medium,15,0,129.85,128.03
1,13.1,39.35,Low,8,0,19.81,19.98
2,29.33,25.55,Medium,16,1,89.74,86.86
2,24.83,45.25,Medium,18,6,39.41,41.81
3,37.65,38.79,High,19,3,91.69,93.49
3,32.77,53.48,Low,5,2,38.5,37.62
1,17.21,27.8,Low,4,2,36.48,36.99
1,17.39,40.3,Medium,2,1,31.48,31.04
3,39.18,32.6,High,18,0,112.47,114.76
1,13.24,41.48,Low,2,6,19.12,17.71
2,23.74,42.72,Low,23,3,31.73,32.1
1,15.6,46.84,High,20,4,35.79,32.91
3,42.09,48.68,Low,4,3,54.53,53.14
1,17.9,28.43,Low,4,1,35.18,37.9
2,21.48,45.95,Low,0,0,25.61,27.8
1,15.68,50.96,Medium,17,2,23.26,21.35
1,12.94,40.77,Medium,12,1,27.82,25.4
3,42.57,25.44,Medium,3,6,124.95,125.19
1,16.15,31.54,Medium,14,3,37.87,39.63
3,37.9,26.39,Medium,20,3,104.43,106.36
3,42.72,53.23,Low,11,3,48.86,46.42
1,15.26,50.25,Medium,7,3,20.74,21.38
3,36.05,49.97,Low,22,4,42.44,43.96
2,28.92,25.99,Medium,10,4,83.97,83.68
3,30.16,26.19,Medium,2,2,87.93,86.9
1,13.5,26.72,High,19,3,51.18,49.52
1,14.42,41.57,Medium,10,0,26.33,26.04
3,39.3,46.26,Medium,1,0,59.81,62.51
3,37.16,27.96,High,11,0,126.63,128.57
1,15.69,27.33,Low,13,1,36.59,36.04
3,35.89,30.73,Low,3,1,68.43,69.72
1,13.28,41.59,Low,5,3,21.51,19.06
1,14.86,51.47,High,1,5,28.02,27.15
3,31.37,52.78,High,3,6,57.88,58.59
1,15.27,26.94,High,17,5,52.66,54.26
3,32.07,37.02,Low,23,4,55.1,52.82
2,28.24,38.58,Medium,16,6,55.08,56.5
3,31.43,50.59,Low,2,6,37.32,37.79
1,15.74,25.18,High,9,5,58.35,60.35
1,17.37,43.74,Low,19,4,28.4,25.68
1,16.45,26.58,Medium,1,0,43.16,46.11
3,31.66,36.78,High,20,2,86.56,84.56
3,36.24,27.33,High,4,5,125.76,127.31
1,12.64,25.6,High,3,6,43.94,45.94
2,21.23,34.18,Medium,11,4,44.87,44.84
1,14.55,50.53,Medium,5,6,19.81,19.89
3,44.9,46.86,Medium,14,3,73.33,70.49
2,26.71,30.79,Low,20,6,53.66,53.47
1,12.97,30.68,Medium,9,3,27.1,29.9
3,40.82,35.29,Medium,7,4,88.58,88.5
3,33.6,42.06,Low,1,5,46.55,47.16
3,42.75,43.54,High,3,5,94.06,93.16
1,12.12,41.08,Low,14,2,18.89,17.15
1,15.01,49.79,Medium,9,4,22.94,21.34
3,34.0,54.42,Low,4,6,35.33,37.16
1,13.45,50.76,High,14,6,26.15,25.28
2,24.94,51.05,Low,4,6,31.24,31.22
1,13.45,38.45,Low,21,1,18.73,20.68
1,12.79,49.53,Low,0,6,13.82,14.01
1,17.13,31.25,Medium,0,2,43.13,41.9
1,13.46,51.89,Low,6,3,14.81,17.18
3,30.68,38.43,Low,16,2,52.2,49.33
2,29.83,41.35,Low,14,6,42.41,41.9
1,16.11,29.7,Medium,5,2,42.96,40.77
2,25.61,51.49,Low,15,1,32.3,30.67
3,35.34,43.62,High,22,2,79.67,77.73
1,12.48,34.98,Low,15,5,23.65,21.33
3,32.48,44.64,High,7,6,70.75,69.66
1,15.04,53.36,Low,2,2,19.16,17.07
3,41.36,45.98,Low,23,5,56.56,55.2
2,24.03,49.13,Low,15,5,30.45,27.89
1,12.54,40.27,Low,20,3,19.08,16.9
1,14.9,39.11,High,6,5,35.28,37.41
3,35.37,42.91,Low,12,2,46.96,49.33
3,42.43,40.36,Low,20,3,62.11,62.48
1,13.75,41.59,High,8,2,31.23,30.04
3,32.42,41.69,Low,8,1,46.41,46.32
3,31.31,30.01,Medium,3,6,76.25,79.25
1,17.47,28.83,High,15,3,57.82,57.87
3,39.5,49.57,Low,23,2,47.07,48.49
3,41.43,40.68,Low,12,1,64.12,62.29
1,13.2,32.87,Low,4,1,26.54,24.21
2,21.21,50.75,Medium,21,2,33.82,33.08
2,21.78,46.52,Medium,21,0,34.35,34.92
2,22.83,37.78,Medium,10,4,47.66,46.29
3,39.0,46.49,Low,14,6,52.81,50.63
1,14.84,35.39,High,7,2,38.84,38.56
3,32.15,45.48,Low,15,3,46.04,44.07
3,39.41,33.96,Low,5,2,67.86,69.89
3,42.42,30.83,High,16,2,134.17,132.11
3,30.7,54.99,Low,11,4,34.19,34.97
3,42.46,53.18,Low,17,3,47.35,45.92
3,31.59,25.67,Medium,19,4,91.29,91.59
1,12.4,28.52,Low,22,1,23.95,25.25
1,17.9,33.66,Low,10,6,32.94,33.46
3,42.03,32.16,Medium,5,3,97.24,99.08
1,12.35,48.84,Low,23,2,12.82,13.48
3,43.34,50.72,Medium,0,1,61.77,63.57
3,32.62,40.46,Low,9,6,50.64,49.41
3,39.77,42.7,Low,22,3,57.47,55.44
1,13.67,53.16,High,9,6,23.23,25.28
3,36.74,45.78,High,8,1,81.11,78.29
3,41.5,50.83,Medium,3,0,59.87,59.65
2,25.12,28.76,Low,3,5,53.67,53.1
3,39.24,30.35,Medium,4,1,96.49,96.39
3,32.77,29.38,Low,1,0,64.43,65.3
2,22.45,39.92,Medium,19,3,41.23,43.77
3,31.33,45.3,Low,0,0,38.33,39.96
3,34.87,32.97,Low,12,3,58.83,61.67
3,36.31,39.87,Medium,14,4,70.51,69.74
3,40.99,40.86,Low,12,5,61.59,59.09
1,15.33,36.57,High,8,4,40.3,40.29
3,40.45,31.91,Low,0,0,72.87,74.69
2,29.32,51.75,High,19,0,54.99,56.1
1,12.91,30.48,High,14,3,38.52,41.04
1,17.19,49.08,Medium,17,1,28.23,27.44
1,16.71,37.48,Low,18,2,23.27,25.93
3,43.33,43.72,Low,5,1,57.0,58.17
2,25.97,25.16,Low,18,4,62.79,62.23
1,15.62,33.24,Medium,4,5,38.41,36.32
2,20.22,49.75,Low,20,0,24.61,24.71
2,24.55,27.81,Low,4,5,52.83,53.78
1,12.67,52.44,Low,1,5,15.38,13.22
1,12.48,53.54,High,15,0,22.57,24.29
2,27.28,29.0,Medium,9,5,67.83,69.15
2,23.76,30.51,Medium,16,0,61.11,58.16
1,17.24,45.44,Low,14,1,23.94,24.58
3,32.74,25.5,Medium,7,4,94.05,96.78
2,27.63,42.65,Medium,14,3,46.29,46.83
3,33.58,48.38,Low,23,5,39.07,40.47
2,21.16,36.61,Medium,20,6,46.22,43.72
2,27.0,34.11,Low,11,4,49.3,46.31
1,16.89,53.11,Low,15,1,16.13,18.77
2,26.93,41.04,Medium,19,0,49.88,48.59
3,35.51,27.31,High,21,3,126.79,124.67
3,32.78,43.74,Low,20,2,45.89,45.54
1,17.25,42.43,High,4,5,38.95,37.89
2,22.82,43.55,Low,22,3,27.64,29.79
1,12.1,40.2,Low,23,5,18.0,17.76
1,12.45,52.44,Low,4,1,14.91,13.26
3,38.86,32.12,Low,20,3,70.05,72.31
1,17.3,52.36,Medium,0,1,25.84,25.0
1,12.18,38.9,Low,15,4,17.14,17.71
3,41.62,33.03,Medium,12,0,93.68,94.98
3,36.27,33.63,Low,23,2,67.05,66.07
2,29.5,50.08,Low,4,6,33.96,34.56
3,38.82,42.41,Low,13,3,50.7,53.11
1,14.31,35.17,Low,15,5,23.53,23.11
2,28.6,36.22,High,2,4,74.94,74.56
1,14.82,47.74,High,9,3,29.45,30.93
1,15.76,44.15,Low,19,0,26.07,23.26
2,28.05,28.97,Low,3,1,61.03,58.64
2,24.54,37.37,Medium,5,0,51.85,49.72
3,40.0,49.08,Low,16,0,49.66,48.15
1,13.67,35.99,High,19,0,35.31,36.63
1,15.91,34.0,Medium,0,5,33.98,34.41
1,14.5,36.4,Medium,6,3,31.01,29.12
2,21.28,35.11,Medium,23,0,45.5,47.24
3,44.57,25.66,High,3,0,163.97,164.98
2,28.24,30.52,Low,11,3,55.99,56.96
2,26.76,39.81,Low,9,4,36.47,38.74
1,15.61,38.52,Low,22,3,21.38,23.95
2,25.3,37.64,Low,3,0,41.67,39.52
3,42.82,53.04,Low,6,3,50.3,48.58
3,30.29,32.0,Medium,23,1,74.07,71.47
1,15.85,41.1,High,7,4,34.46,35.4
3,31.73,25.32,Medium,3,1,94.76,92.26
1,14.21,44.56,High,11,4,30.95,30.62
3,36.07,33.65,Medium,9,3,83.01,82.35
1,16.2,40.46,Low,1,3,23.34,23.68
3,38.69,29.78,Medium,7,1,99.31,98.81
2,26.45,31.98,High,8,0,82.35,79.73
3,42.38,28.56,Medium,12,2,111.49,111.39
1,17.27,39.81,Medium,9,3,31.02,32.51
3,39.09,46.94,Medium,20,0,65.76,63.66
2,27.38,27.17,High,17,2,94.66,94.94
1,13.11,38.0,High,16,6,32.95,34.05
1,17.69,27.93,High,0,5,59.93,59.16
3,34.43,36.24,Medium,19,3,69.43,72.21
2,20.69,27.28,Low,22,3,45.42,46.25
2,23.12,42.43,Low,15,2,29.68,32.68
3,34.9,44.24,Low,4,0,50.2,48.28
3,38.3,35.04,Medium,8,6,81.9,82.14
1,17.32,38.69,High,19,6,39.55,42.18
1,14.77,30.6,Medium,8,6,34.87,35.7
3,43.0,50.53,Low,3,1,49.84,52.26
2,26.92,40.27,Medium,4,3,52.73,50.48
3,39.36,44.59,Medium,10,6,64.41,65.26
1,14.49,45.76,Medium,16,3,24.86,23.07
2,27.97,54.86,Low,11,3,31.45,30.06
2,27.03,28.73,High,8,5,88.81,90.58
2,24.69,39.33,High,7,4,57.55,59.99
3,39.11,47.97,High,18,1,82.07,79.96
1,12.49,54.43,Low,12,1,13.79,13.38
2,22.42,29.08,Medium,2,6,58.51,56.93
2,22.5,43.44,High,2,5,47.58,49.46
2,24.64,50.91,Low,15,3,26.66,27.32
2,25.96,33.09,Medium,1,0,55.45,57.13
3,31.96,47.5,Medium,0,4,47.34,49.24
1,14.06,25.12,Medium,6,2,42.01,41.02
1,16.24,54.3,Low,20,6,15.61,17.74
3,30.57,37.14,High,5,4,78.37,79.52
3,37.19,38.68,Low,6,5,53.1,55.71
1,14.49,46.21,Low,10,4,22.03,19.09
1,17.84,33.98,Low,20,5,33.31,32.56
1,12.23,54.38,Low,11,6,12.09,11.79
1,13.11,40.94,High,21,2,30.97,32.47
1,12.68,45.93,Medium,17,0,24.15,22.5
3,35.53,47.69,Low,1,4,49.0,46.51
1,12.74,47.7,Low,1,4,17.3,16.89
3,37.09,27.97,Low,20,3,78.54,78.82
3,32.01,27.59,Low,15,0,73.57,70.88
2,24.94,33.79,Low,8,4,41.42,42.66
3,33.41,31.43,Low,23,6,63.28,64.59
1,17.04,31.79,Medium,2,2,37.8,39.84
1,17.22,47.95,High,13,6,34.91,34.35
2,22.65,52.63,Low,11,4,24.06,26.06
3,35.39,38.86,Medium,16,0,67.66,70.23
1,17.37,45.07,High,7,0,38.37,38.49
3,40.56,51.87,Low,18,1,44.72,46.03
2,26.79,45.62,High,21,1,54.74,55.51
1,12.62,47.97,Low,11,5,11.18,13.82
3,44.23,45.89,Low,5,4,59.04,58.14
3,40.01,39.93,Low,21,4,57.04,58.21
1,14.28,26.41,High,16,6,51.75,52.78
3,39.58,43.86,Low,0,1,55.32,55.3
2,20.28,52.27,High,23,4,38.3,35.65
3,39.36,26.99,Medium,16,3,110.38,110.7
2,29.76,27.94,Low,22,4,67.48,65.13
3,44.44,27.04,High,18,1,156.07,157.52
3,33.78,40.26,High,12,3,75.9,78.89
3,33.78,25.66,Low,15,3,79.89,79.6
2,22.53,32.94,High,9,5,65.56,65.29
3,33.27,51.34,Medium,5,2,48.22,49.19
3,34.6,25.6,Low,12,4,81.3,80.54
1,16.81,26.12,Low,5,0,40.73,38.85
3,41.77,36.87,Low,1,4,67.62,66.95
2,28.15,42.66,Low,1,4,41.25,40.85
3,40.15,33.0,Medium,16,4,91.34,89.81
2,20.71,52.46,Low,8,5,26.07,24.99
1,14.87,51.9,Medium,16,4,22.52,20.75
2,24.47,37.29,High,17,3,65.22,63.6
1,14.66,47.77,Medium,15,4,21.61,21.87
2,21.39,33.15,Medium,16,4,47.08,47.62
3,37.08,53.47,Low,4,1,40.97,41.04
2,27.77,29.07,Low,6,5,57.87,57.73
2,28.19,36.95,Medium,10,5,57.13,58.64
1,14.06,36.7,Medium,9,6,31.27,30.09
1,12.07,36.03,Low,9,0,19.94,18.57
1,16.36,35.26,Low,0,3,26.59,28.2
1,16.72,51.13,Low,20,6,18.1,18.52
3,35.61,50.19,Low,3,5,39.19,41.86
3,35.07,26.68,High,7,5,126.2,127.14
2,25.91,25.8,Medium,10,5,75.68,75.61
3,32.15,54.6,Medium,16,5,43.12,43.16
2,20.63,31.91,Low,0,1,42.15,39.31
1,16.77,50.09,Low,22,2,18.87,18.18
3,32.28,54.57,Low,23,3,31.96,34.88
2,27.53,53.37,Medium,11,5,40.51,39.08
1,17.54,40.43,Low,23,2,27.56,27.89
3,37.5,36.28,Low,20,6,61.63,60.95
1,17.9,31.82,Medium,1,0,42.97,41.2
3,34.29,31.93,High,17,6,101.33,102.41
1,13.29,34.42,High,17,5,37.06,36.21
3,35.08,52.31,Low,12,3,41.68,41.05
1,14.54,26.28,Low,9,4,31.39,31.56
3,35.69,35.9,High,0,1,93.35,95.28
3,32.88,38.22,High,18,2,84.51,83.81
2,29.64,54.33,Medium,2,0,42.54,39.74
2,28.28,35.92,Medium,7,0,58.84,58.67
3,32.97,48.38,Low,9,5,41.7,38.93
2,28.74,45.52,Medium,2,3,46.75,46.67
3,44.78,33.26,Medium,4,3,100.78,99.0
3,38.17,45.71,Low,3,4,48.86,48.21
2,20.56,51.65,High,2,4,40.87,38.23
2,25.62,42.04,Medium,14,1,44.63,47.15
3,32.07,47.2,Medium,18,5,53.44,51.53
3,41.26,25.69,High,16,0,153.63,153.57
1,17.71,46.29,Low,22,4,22.76,21.35
3,33.55,53.95,Low,1,5,37.57,38.19
3,31.61,25.44,Medium,15,6,94.05,94.56
1,14.79,54.18,Low,1,2,14.85,16.07
1,16.5,47.65,Low,5,0,23.28,21.52
1,14.43,54.39,Medium,3,6,23.2,20.45
3,37.02,30.23,High,4,0,116.61,116.9
3,41.67,53.08,High,18,3,76.02,74.72
2,29.84,37.08,High,16,0,76.36,75.36
3,40.52,49.96,Low,0,3,47.31,46.73
2,20.73,50.6,Medium,5,5,33.09,32.39
1,17.56,31.13,Low,13,0,34.87,32.59
1,16.06,29.87,High,0,5,51.62,53.0
3,31.34,42.8,Low,3,6,47.4,45.77
2,26.3,26.22,High,6,5,95.76,97.92
2,29.71,54.12,High,1,3,50.36,50.96
3,30.82,36.56,High,17,6,79.86,79.76
3,41.09,50.07,Low,17,0,50.47,48.71
2,21.09,47.21,High,17,4,39.86,42.38
3,36.47,29.14,Low,1,1,75.31,74.66
1,16.28,37.38,Medium,5,2,31.19,31.14
2,23.61,46.74,Low,19,2,26.32,29.16
2,29.84,32.3,Low,22,4,53.83,56.66
2,26.69,51.39,Low,13,4,28.65,29.85
1,17.73,28.72,Medium,4,5,46.2,45.01
3,43.31,52.01,Low,20,3,51.45,50.47
1,12.06,28.84,Low,15,6,24.81,24.31
3,30.09,32.39,Low,13,5,59.54,57.06
2,20.64,36.63,Low,11,6,31.43,34.29
2,22.54,43.64,Medium,9,5,37.89,39.34
1,13.53,53.26,Low,23,2,11.99,13.52
2,22.74,45.98,Low,13,5,29.17,28.76
2,21.72,54.71,Low,4,0,22.56,23.86
3,33.74,27.66,Medium,0,2,92.78,91.54
1,13.86,46.18,Medium,15,5,19.34,21.48
2,29.84,48.79,Low,21,2,32.71,35.34
2,25.83,32.17,Medium,19,3,57.72,59.81
2,29.46,53.87,High,7,0,50.04,50.98
2,23.71,52.87,High,15,5,46.42,44.61
1,13.78,52.34,Low,3,4,15.89,16.71
3,34.77,25.08,Medium,1,3,103.2,103.46
3,39.58,39.89,Medium,4,4,77.67,76.11
1,13.57,50.96,High,13,2,26.96,26.53
1,15.59,50.37,Medium,18,3,23.54,22.33
3,44.93,44.08,Medium,21,2,76.84,77.26
3,38.72,28.13,Low,5,2,79.45,80.91
2,27.4,35.19,Low,22,0,44.05,46.58
2,23.43,52.55,Medium,13,0,34.06,32.38
1,13.08,28.61,Medium,20,6,30.33,32.83
2,23.73,36.12,Medium,17,2,50.42,50.03
2,22.02,42.43,Medium,19,1,41.38,40.67
2,20.86,49.75,High,18,5,40.43,40.72
1,16.37,42.44,Low,15,1,20.07,21.84
1,16.35,53.31,Low,9,5,16.38,19.24
3,42.55,51.24,High,10,4,79.01,80.37
1,12.61,25.45,Low,5,5,32.41,30.36
3,36.97,37.68,Medium,23,3,74.24,74.29
3,44.98,52.44,Low,15,5,51.5,50.87
3,30.53,48.91,High,13,0,57.97,59.81
1,17.09,53.25,High,15,3,34.86,31.99
3,35.69,41.55,High,14,0,81.99,80.48
3,35.16,47.07,Medium,8,2,58.67,56.02
3,36.73,29.21,Medium,4,0,96.09,96.26
2,27.58,36.08,Medium,13,3,52.79,55.72
3,44.08,37.48,High,16,6,115.58,112.59
2,29.0,28.45,High,5,2,99.12,96.62
2,26.92,45.42,Medium,15,0,41.97,43.55
1,12.92,29.92,High,18,5,43.41,43.25
2,27.6,28.88,Medium,12,4,73.29,73.03
3,33.79,25.02,High,16,6,132.15,129.83
1,12.03,35.2,Medium,22,3,28.1,27.19
3,31.01,40.4,Medium,0,6,56.14,56.42
1,12.16,51.83,High,0,3,22.16,21.14
3,33.5,36.83,High,12,6,86.53,85.55
2,22.45,48.49,Low,6,4,29.39,27.7
3,44.32,35.87,Medium,11,2,92.12,92.34
2,22.09,46.03,Medium,5,2,39.79,37.49
1,14.47,25.81,High,18,6,56.11,54.4
3,35.32,43.03,High,7,6,76.2,78.95
3,37.5,47.31,High,19,1,75.65,76.81
2,28.38,35.22,Low,14,5,49.01,48.37
3,42.89,26.52,Low,0,6,93.03,95.6
3,30.78,54.59,Low,22,0,36.0,34.73
3,34.1,30.82,High,16,0,108.58,105.71
3,36.15,29.91,Medium,1,5,89.52,92.0
1,14.78,51.02,Low,23,5,20.34,17.98
2,25.28,52.7,High,18,6,46.7,46.98
3,35.96,49.97,Medium,13,4,56.67,54.51
3,30.53,43.82,High,2,2,65.73,65.28
2,27.75,33.11,Medium,7,6,67.47,64.49
1,13.17,54.58,Medium,11,0,20.92,18.92
1,14.97,40.63,Low,2,2,24.85,23.25
3,31.92,33.21,Medium,12,6,71.75,72.84
2,29.52,51.38,Low,23,4,33.23,35.13
3,44.44,29.03,Medium,18,0,110.84,113.49
1,14.32,35.76,Low,12,2,24.43,24.97
2,26.26,54.29,High,9,4,46.34,47.88
2,27.56,30.8,Low,4,4,55.67,55.49
2,29.17,32.8,Medium,9,5,64.68,65.4
1,12.96,35.1,Low,11,5,19.56,20.36
1,12.43,33.76,High,23,1,35.65,33.37
1,15.63,36.9,Medium,13,0,30.7,33.13
3,39.56,49.36,Medium,1,4,61.29,58.81
1,15.4,28.56,Medium,17,3,40.32,40.84
2,25.39,28.36,Medium,5,6,64.57,66.34
3,37.79,28.57,Low,8,0,75.37,77.97
3,34.21,32.11,Medium,10,0,81.02,81.1
2,22.03,30.31,Low,2,6,45.4,44.02
1,16.77,32.83,High,21,0,51.4,48.72
2,26.71,47.12,Medium,3,3,45.49,42.85
3,31.45,33.96,High,14,0,90.65,88.32
3,35.57,51.16,Medium,7,5,54.06,51.8
1,13.56,53.74,Medium,7,0,19.79,19.66
2,26.99,46.87,Low,10,0,36.17,33.51
1,16.68,26.98,Low,15,2,36.83,35.13
2,23.98,43.62,Low,8,3,33.52,33.13
2,27.62,46.08,High,14,1,57.49,57.05
3,44.0,27.31,Medium,12,5,120.49,122.38
3,32.88,42.95,Medium,7,5,59.21,57.71
2,29.94,28.78,Medium,21,2,75.96,77.02
3,31.99,51.97,Low,23,0,36.89,38.21
3,38.08,40.61,Low,6,2,52.09,54.44
2,20.09,44.8,Medium,23,5,34.6,34.03
2,27.62,38.67,Low,16,0,41.66,42.59
1,17.64,33.37,High,22,2,47.85,49.99
1,16.43,40.01,Medium,19,5,29.63,28.81
3,42.15,29.8,Low,3,5,85.88,83.65
3,33.7,35.98,High,21,0,89.6,88.81
3,30.33,35.61,Low,7,4,53.27,50.87
1,17.9,43.81,High,17,6,40.36,40.64
2,26.24,43.66,High,18,2,60.44,57.55
1,12.27,37.02,Low,22,1,21.54,21.29
1,15.98,50.67,Low,21,6,18.45,17.8
1,14.27,44.95,High,7,4,29.95,30.22
2,29.49,37.76,High,6,2,77.84,75.6
1,15.55,50.53,High,23,1,28.05,29.97
2,20.19,44.01,Medium,18,3,34.58,33.31
2,21.86,39.41,Low,23,5,32.31,31.76
1,17.61,43.89,Medium,4,1,30.21,30.29
2,28.18,49.0,Medium,12,0,42.55,43.83
1,16.73,25.31,Medium,0,4,52.64,50.25
3,36.05,45.7,Medium,21,3,56.91,59.15
1,17.63,41.72,Low,12,1,27.72,27.28
2,23.65,36.9,High,22,0,65.17,62.92
1,16.37,26.58,Low,1,4,38.29,36.09
3,39.65,53.32,Low,21,4,43.93,45.99
3,40.21,50.15,Low,4,3,47.02,49.39
3,44.93,31.93,Medium,14,0,108.44,106.9
1,13.44,53.3,Low,12,0,16.61,16.47
2,21.16,46.82,Low,4,2,24.28,26.48
1,14.58,46.45,Low,1,6,18.64,17.65
2,23.64,32.24,Medium,8,6,56.87,55.71
3,44.11,34.54,High,15,5,121.74,123.15
1,12.02,40.05,Medium,14,1,22.22,21.63
3,44.01,36.6,Medium,3,6,88.7,91.6
2,21.0,43.15,Medium,4,5,36.7,36.67
3,38.1,31.62,Medium,23,2,89.22,92.18
1,17.33,29.38,Medium,8,3,43.19,42.39
1,16.36,42.74,High,18,0,34.78,36.81
2,24.78,35.15,Low,4,4,42.28,41.96
1,14.82,33.02,Low,11,3,26.34,26.6
3,38.1,40.33,Low,19,2,55.39,56.46
1,12.46,39.11,Medium,15,6,21.81,23.56
1,16.81,36.72,Low,10,0,27.9,28.2
3,39.79,39.56,Medium,23,2,73.96,75.76
2,20.48,25.44,Low,21,6,47.42,46.41
3,42.59,41.65,Low,22,5,61.49,60.81
3,38.99,30.11,Low,21,3,77.49,79.46
1,15.97,36.58,Medium,15,0,34.43,31.89
2,29.21,50.68,High,23,2,55.31,55.78
3,44.17,37.49,High,9,6,113.06,114.48
2,21.05,46.52,Low,14,2,27.25,26.83
1,12.66,45.71,Medium,3,0,21.67,20.58
2,20.48,25.88,Low,0,5,47.48,45.79
2,29.95,34.94,Low,11,3,49.32,50.87
1,13.1,52.87,Low,2,3,17.58,15.73
1,15.42,37.37,High,21,2,42.92,41.07
3,31.32,45.38,Medium,7,4,52.42,52.39
3,36.64,39.3,Medium,14,2,70.01,68.62
1,13.37,37.01,Medium,15,0,29.31,26.77
1,16.6,35.51,Low,15,5,26.02,27.22
3,40.15,42.16,Low,4,3,56.74,57.43
1,12.83,46.98,Low,2,3,18.97,18.12
3,32.86,28.94,Low,4,6,63.85,66.49
1,17.22,42.03,Low,5,0,23.32,26.27
3,31.06,35.89,Low,11,5,55.3,53.56
3,38.63,35.77,Medium,20,4,78.28,79.31
1,13.41,53.37,Low,20,3,14.31,15.3
1,16.88,54.23,Medium,13,2,24.23,24.73
2,22.57,54.72,Low,12,6,26.79,26.68
2,27.19,44.9,Low,6,1,38.88,37.02
1,13.69,51.17,Low,18,5,18.07,17.24
1,14.37,33.54,High,13,1,40.81,39.21
3,39.63,54.06,Medium,7,5,56.76,54.43
2,20.53,26.05,Low,19,4,50.8,48.92
2,29.95,44.65,Medium,21,4,50.09,49.26
3,35.25,29.02,Medium,18,4,89.49,92.18
2,28.82,31.23,Low,2,5,58.69,57.32
1,12.95,53.81,Medium,10,4,17.01,18.41
1,15.56,31.4,Medium,16,1,38.1,35.82
3,38.19,41.76,Medium,4,3,68.89,69.41
1,12.81,28.75,High,17,5,40.68,42.36
1,16.92,35.24,Medium,18,5,32.14,34.89
3,31.16,26.69,Low,23,3,73.26,70.59
1,13.67,34.96,Medium,17,1,29.8,27.93
1,12.37,30.23,High,2,6,40.45,38.61
3,38.64,54.92,Medium,4,3,53.69,52.93
3,41.77,49.16,Low,21,6,49.5,50.7
3,34.93,52.6,High,8,3,62.94,63.42
1,13.81,36.4,Medium,4,3,30.58,29.47
3,43.77,52.15,High,8,3,83.75,82.37
3,43.28,46.07,Medium,13,4,69.54,68.47
2,25.06,33.69,High,10,4,70.68,69.41
1,14.16,31.79,Low,2,4,26.21,27.34
2,28.03,54.76,Low,20,2,31.69,31.36
1,15.32,50.54,Medium,12,3,22.52,23.45
1,16.05,25.77,Low,5,6,38.59,37.74
1,14.61,29.06,Medium,17,2,35.39,37.47
3,39.29,30.35,Medium,0,0,97.24,98.56
3,33.97,45.98,Medium,12,3,59.33,56.61
2,23.48,32.58,Low,22,4,43.01,43.52
1,16.4,28.17,Low,20,5,35.71,34.49
2,25.35,30.16,Medium,2,4,61.81,63.85
3,33.5,40.87,High,10,3,78.34,79.94
3,44.14,35.54,Medium,5,6,90.53,92.29
1,16.96,34.68,High,7,4,46.14,45.09
3,38.2,44.48,Low,6,0,52.16,50.4
3,39.42,28.81,Medium,20,6,103.52,101.79
2,23.52,53.65,Medium,19,3,32.11,32.09
3,32.8,38.68,Medium,14,3,62.22,62.13
3,44.87,29.14,Low,11,6,92.76,93.39
2,29.56,46.09,High,20,3,58.49,60.38
1,17.57,31.13,Low,5,5,32.66,33.96
2,29.68,50.49,Low,23,0,34.36,35.89
3,37.74,45.79,Low,22,6,47.21,49.7
3,30.35,54.48,High,16,1,54.31,52.43
2,23.09,28.2,Low,0,2,51.17,49.62
2,22.19,51.8,High,18,2,41.9,42.19
3,41.71,30.15,Medium,19,6,104.74,104.23
1,13.16,46.33,High,0,2,28.23,28.27
1,12.23,50.63,Medium,3,6,14.05,16.55
1,14.98,33.3,High,11,3,44.98,44.2
2,22.59,52.79,Medium,7,6,30.3,31.25
2,24.63,47.15,Low,13,4,30.24,30.14
2,21.64,28.96,Medium,3,2,57.93,57.9
1,14.07,52.37,High,13,2,26.07,25.88
2,28.14,48.23,High,9,5,53.23,54.39
3,31.31,29.23,Low,12,6,67.82,65.26
2,27.31,45.41,Medium,10,2,43.54,44.25
3,33.43,30.9,Low,14,4,67.58,65.39
1,15.39,29.72,Low,13,3,30.57,30.54
3,38.08,41.7,High,6,5,88.57,88.04
1,17.45,31.04,Low,1,1,32.38,34.99
3,31.1,49.68,Low,14,6,37.87,37.61
3,36.37,38.29,High,18,4,93.9,92.48
3,38.85,29.89,High,19,1,123.71,126.15
3,35.39,35.46,High,3,3,95.23,94.75
3,33.76,34.99,Medium,18,2,67.56,70.52
2,26.0,27.56,High,0,6,92.37,90.28
2,21.55,36.28,High,7,2,57.36,56.48
1,14.2,42.52,High,19,4,32.83,32.72
3,34.68,25.6,Low,0,5,80.87,79.52
3,43.95,36.91,Low,14,6,73.84,73.13
2,27.9,31.04,High,20,5,86.74,86.85
3,44.69,53.6,High,1,0,80.94,79.62
3,37.64,31.2,Low,4,3,71.47,72.61
3,34.29,52.35,High,8,4,62.02,63.4
2,28.78,31.01,High,8,4,90.34,88.23
2,24.53,43.2,Medium,18,2,43.23,43.54
3,42.33,39.36,Low,4,4,61.9,64.06
3,34.84,38.6,High,9,1,87.15,86.94
1,17.28,47.36,High,19,6,35.94,35.39
1,13.09,39.88,Medium,6,6,23.09,22.81
1,15.24,49.8,High,0,5,27.21,27.48
2,28.96,33.69,Low,1,1,53.38,52.85
2,22.43,33.87,High,21,2,66.69,64.74
2,21.65,36.21,High,9,1,60.91,58.08
2,27.07,54.58,Medium,19,2,39.15,36.39
1,17.94,28.62,High,21,4,57.07,59.25
2,23.93,31.3,Medium,18,6,54.55,57.46
1,12.08,32.19,Low,15,0,19.83,21.93
3,41.89,52.21,Low,22,4,46.45,46.41
2,24.36,26.12,High,23,5,86.57,87.92
3,34.51,42.73,High,22,1,76.34,77.27
1,17.38,53.45,High,21,4,32.89,30.65
1,12.12,50.11,Low,21,6,11.27,13.58
3,44.2,27.1,Medium,3,4,119.42,120.82
3,40.13,36.8,Medium,0,3,81.76,81.0
2,25.69,32.01,High,10,6,78.8,76.39
2,20.01,28.1,High,13,2,69.52,69.75
3,34.06,39.27,Medium,6,0,65.07,66.71
3,31.76,25.59,Low,6,6,75.65,74.3
2,25.59,43.42,Medium,18,2,45.91,44.18
1,13.13,46.43,High,8,4,27.1,27.95
2,23.62,38.88,Low,22,1,33.01,35.13
3,30.01,26.35,Medium,0,1,83.28,83.86
1,14.2,54.01,High,18,4,21.49,24.15
2,25.09,28.99,Medium,5,6,68.82,66.33
2,20.77,45.96,High,8,3,44.36,43.36
3,42.42,53.24,Low,5,2,45.77,46.63
1,14.53,47.32,Low,3,4,19.9,18.96
2,27.66,48.2,Medium,19,4,45.53,43.17
3,32.88,42.21,Low,6,5,48.81,47.53
2,22.04,30.26,High,13,2,68.34,68.3
3,41.85,29.07,Low,1,3,90.06,87.7
3,30.96,48.91,Low,3,4,41.55,39.37
3,31.26,46.57,Low,5,2,43.4,40.79
1,13.22,34.04,High,0,1,39.74,38.17
1,13.69,36.9,High,16,4,38.88,36.53
3,35.04,26.47,Medium,13,5,100.07,100.45
1,13.08,44.19,Low,5,5,18.13,18.67
3,39.4,41.29,Low,7,5,55.59,56.11
2,29.56,53.34,Low,5,0,33.12,31.73
1,12.6,42.64,Low,11,0,16.29,16.65
2,24.34,32.39,Medium,20,1,53.9,55.24
1,13.21,40.02,Medium,18,2,22.99,25.94
3,39.6,43.28,Medium,15,4,70.66,68.36
2,25.04,47.11,Low,2,3,29.38,30.88
2,25.87,51.44,High,17,6,50.05,49.88
1,14.09,33.46,High,16,3,43.98,41.44
1,13.95,52.45,Medium,17,5,18.11,19.43
2,29.45,52.37,High,23,2,55.26,55.7
1,16.57,50.64,Low,20,0,17.92,18.07
3,39.72,40.56,Low,15,1,56.18,56.92
1,17.48,48.35,Low,0,5,22.68,21.52
3,32.99,53.63,Medium,19,3,43.16,44.99
2,20.76,40.69,Medium,16,0,36.95,38.6
1,16.65,43.56,Medium,5,1,28.8,27.96
1,15.94,46.94,Low,12,6,22.78,20.96
1,12.04,46.26,High,6,0,27.82,26.45
2,23.94,25.31,Medium,5,0,72.35,71.03
3,36.72,47.54,High,19,4,74.04,72.39
2,23.17,28.25,Low,18,2,50.25,47.88
1,13.72,36.42,Low,23,2,18.54,20.8
2,27.22,39.65,Low,11,6,42.77,40.72
2,28.43,39.36,Low,21,2,42.86,41.56
2,22.09,43.86,Medium,15,1,36.58,37.72
3,36.81,37.41,High,8,0,95.97,96.1
1,14.1,42.87,Low,10,3,17.73,19.43
1,17.15,44.98,Low,0,2,21.29,21.34
1,12.45,31.25,Medium,20,0,34.58,31.75
3,31.48,29.41,Medium,19,6,78.11,78.74
3,40.36,25.69,Medium,7,6,116.79,117.9
1,16.85,40.54,Medium,16,6,32.62,30.24
2,21.28,29.53,Medium,7,6,53.95,55.3
3,31.95,29.08,Medium,12,2,81.55,80.88
3,36.12,30.42,Medium,1,3,85.73,88.73
3,42.55,49.0,High,16,5,84.17,83.52
2,21.25,32.71,Low,20,3,34.84,37.59
3,35.93,26.32,Low,23,6,83.39,81.57
3,39.55,52.34,Medium,15,3,57.76,56.18
1,15.08,32.38,Low,22,3,28.77,28.15
1,13.63,27.46,Low,15,4,32.76,31.03
3,42.89,48.51,Low,13,6,55.0,52.67
1,13.4,41.31,Medium,12,0,20.59,23.3
3,41.12,48.93,Medium,21,1,64.16,64.27
2,21.03,37.35,High,12,1,54.04,53.3
2,21.8,45.91,Medium,3,4,36.26,33.98
1,13.06,35.02,High,18,0,32.31,34.83
2,29.22,34.96,Low,21,1,48.5,51.29
2,20.34,44.86,Low,5,6,28.26,28.05
2,27.33,46.27,Medium,9,4,45.36,43.49
2,25.92,50.71,Low,1,4,29.15,31.71
3,32.69,40.08,Medium,8,0,63.4,63.15
2,28.87,32.17,Medium,14,5,66.72,66.99
1,17.82,44.07,High,1,6,40.07,40.26
1,16.33,47.7,Low,22,0,19.29,19.34
3,31.66,48.81,Low,6,2,40.39,40.65
1,16.63,25.49,Medium,6,0,49.99,47.52
3,44.36,52.57,High,6,3,79.47,80.04
1,17.96,30.54,High,7,1,55.21,54.55
2,24.61,54.67,Medium,2,5,35.31,35.62
2,29.68,27.33,Medium,4,1,85.35,82.55
2,27.25,54.04,Low,12,0,31.3,30.9
1,13.54,25.15,Low,1,1,28.6,31.59
3,37.71,45.35,High,7,5,79.78,80.8
1,14.17,40.9,Low,6,2,24.47,21.62
3,31.16,54.03,Medium,20,4,44.08,41.89
2,28.69,43.59,Medium,14,6,48.49,48.84
2,22.51,50.03,Medium,23,5,31.36,33.57
2,21.75,33.62,Medium,2,3,47.8,48.57
1,14.17,28.88,Low,12,3,32.03,30.21
2,22.52,48.0,Low,21,3,30.99,28.85
2,22.82,43.68,Medium,19,2,35.64,37.86
2,20.78,43.85,Medium,19,4,36.65,35.12
3,37.72,43.74,Medium,21,4,64.22,65.92
2,26.75,37.1,High,7,2,65.18,67.49
3,40.78,26.28,Medium,20,2,117.73,117.39
3,44.47,27.36,Low,0,6,95.33,96.84
1,17.96,33.11,High,3,2,52.27,52.61
2,29.28,35.42,Low,6,0,50.27,48.73
2,25.05,52.14,Low,14,5,28.67,27.89
2,27.83,31.93,Low,22,4,55.63,54.2
1,16.57,38.75,Medium,5,1,35.99,34.06
2,27.32,50.88,Low,20,1,28.02,30.27
2,23.58,33.32,Medium,5,6,53.85,54.54
2,29.53,47.44,High,7,5,56.7,59.51
2,24.92,43.76,Low,0,3,33.16,34.37
2,22.73,25.07,Low,4,1,51.59,52.49
1,16.69,32.63,Medium,23,2,41.18,39.07
2,24.53,51.83,Low,13,5,30.29,29.03
2,26.87,39.81,Low,6,6,42.41,40.36
3,35.41,45.98,High,7,2,72.79,74.34
2,23.17,25.75,Medium,16,6,66.59,65.76
2,25.08,41.29,High,8,4,56.5,58.56
1,16.16,29.09,Low,21,3,36.01,35.16
2,24.69,47.13,Medium,18,4,41.01,38.94
3,30.09,53.4,Medium,9,0,45.84,43.73
3,44.3,32.53,Low,14,6,79.47,81.05
3,41.77,54.67,Medium,9,0,59.45,59.24
3,38.04,46.33,Low,22,4,48.88,48.84
1,13.81,28.56,Medium,12,6,36.08,34.55
3,36.15,46.18,Low,1,4,44.3,46.49
3,39.96,39.46,Low,8,0,59.07,60.92
1,12.52,38.85,Low,5,6,19.48,19.49
3,37.5,40.29,Low,23,2,54.68,55.81
2,24.62,51.67,Low,1,3,30.7,28.07
3,30.09,32.04,Low,22,6,57.83,55.2
3,38.11,47.52,Medium,10,0,59.89,61.65
2,27.73,46.1,Low,5,4,35.29,37.94
3,35.71,40.16,Low,23,5,53.91,52.92
1,12.72,51.36,High,21,1,26.53,23.53
2,25.54,31.98,Low,3,2,47.56,48.06
2,25.4,51.1,High,19,3,46.28,46.45
3,40.26,33.42,High,18,5,117.46,115.64
3,41.89,26.23,Low,5,6,98.61,96.04
3,30.55,39.82,High,3,3,71.55,74.08
1,16.05,36.82,Medium,14,6,32.93,31.71
2,27.18,48.05,Low,3,1,31.43,32.2
1,12.86,44.09,High,12,5,27.07,27.41
1,14.02,41.68,Low,23,0,18.6,20.47
2,22.68,44.15,High,6,5,50.03,48.08
2,20.67,40.71,Medium,12,0,37.39,38.33
2,22.64,50.28,High,16,5,41.78,44.52
3,31.96,50.91,Low,12,5,35.82,35.78
2,27.99,30.29,Low,22,3,57.12,54.83
1,14.5,33.25,High,3,4,37.42,40.29
3,39.76,48.36,Low,1,0,48.55,48.46
1,13.68,37.55,High,11,0,34.1,35.6
2,22.18,39.13,High,16,3,53.39,56.25
1,13.24,45.07,Medium,9,4,24.41,23.09
3,37.0,46.09,High,9,1,74.36,75.21
3,38.72,49.33,Medium,10,4,57.23,59.15
2,22.71,32.47,Medium,7,3,48.64,50.91
1,15.0,44.58,Medium,16,3,23.05,24.72
1,13.14,38.89,Low,13,2,22.25,21.48
3,39.73,31.41,High,11,3,126.14,123.23
3,43.84,33.42,Medium,19,6,97.21,96.51
1,16.09,36.12,Low,4,6,23.81,25.03
3,30.11,29.29,Low,15,1,62.11,63.2
2,29.45,52.79,Medium,7,3,40.28,41.79
3,30.05,52.87,Low,6,0,34.2,34.56
3,33.32,31.03,High,4,2,105.34,104.08
3,30.71,48.25,High,19,6,63.12,60.23
2,27.53,37.45,Low,6,2,43.56,43.58
2,21.38,28.33,Low,20,1,46.81,43.82
2,26.39,40.02,Low,18,4,38.74,38.17
3,32.99,26.48,Low,6,0,75.81,72.9
2,25.49,40.32,High,2,6,57.91,60.82
1,15.19,40.01,Low,5,4,21.11,21.13
3,31.36,31.41,High,12,5,96.93,96.18
2,27.06,40.45,High,17,1,60.4,63.35
3,43.35,29.53,Medium,17,6,107.99,110.14
1,15.55,41.93,High,1,1,33.58,35.2
2,23.89,29.55,Low,22,5,49.23,47.56
1,16.19,45.57,Low,17,6,22.61,21.11
3,44.03,41.75,High,16,4,102.84,101.14
1,17.96,42.84,Low,3,5,24.43,23.8
2,21.32,43.94,Low,21,4,29.56,27.6
1,15.51,39.73,Medium,18,6,30.68,30.93
3,33.89,37.81,Medium,0,5,69.88,68.27
3,37.49,27.98,Low,3,2,78.16,79.84
1,17.69,34.59,Low,9,2,26.9,29.56
2,25.03,53.52,Medium,4,0,36.45,36.52
2,23.8,54.39,Low,13,6,27.01,25.04
3,42.04,26.03,Medium,9,0,117.81,120.63
1,13.69,48.37,Medium,18,3,19.15,20.22
3,33.4,35.97,Low,2,2,53.45,56.04
3,37.96,50.64,High,8,2,70.83,70.18
1,15.09,47.37,Low,2,0,18.34,18.6
1,12.28,46.98,Low,5,2,15.78,17.02
2,20.96,52.65,Medium,4,2,27.77,29.37
2,29.51,33.81,Low,5,0,50.42,52.96
3,40.64,37.41,Medium,6,5,78.1,80.91
2,24.42,53.6,Low,10,5,27.0,29.15
3,43.62,50.94,High,5,3,86.31,83.52
3,42.61,51.39,Low,5,2,48.72,51.53
3,33.12,44.14,Medium,4,2,59.9,57.95
2,25.76,50.34,High,18,5,51.78,50.33
3,42.93,53.51,Medium,11,3,62.81,60.16
2,20.88,27.28,Medium,22,6,56.98,56.18
2,26.0,48.96,Medium,17,4,42.58,40.26
1,14.17,38.06,Low,16,2,25.35,24.03
3,43.43,49.99,Medium,6,4,64.33,66.93
1,12.83,39.89,Medium,21,6,24.85,22.98
2,21.96,53.03,Medium,17,0,31.46,30.95
2,24.78,33.27,Medium,20,1,54.92,56.78
1,15.19,45.4,Medium,7,0,24.13,26.16
2,23.54,43.94,High,13,3,47.49,50.17
1,15.28,54.56,Low,7,6,14.88,15.8
3,38.62,51.52,Low,13,5,41.55,43.04
2,24.1,46.29,Low,8,5,32.85,31.1
3,38.66,48.78,Low,12,5,49.01,46.17
2,28.18,38.12,Medium,3,2,56.82,54.66
1,12.12,41.81,Medium,7,5,20.88,21.54
3,32.79,41.96,Low,11,5,45.67,45.3
2,28.11,45.34,Medium,10,6,47.15,45.79
3,37.71,33.39,Medium,10,3,85.48,85.96
1,12.33,45.47,Medium,11,0,22.12,22.24
3,35.52,30.62,Medium,18,1,86.31,88.9
2,24.05,25.06,Medium,12,2,71.65,72.45
3,36.85,35.11,Medium,5,0,78.91,78.46
1,16.29,54.9,Medium,23,6,21.14,22.0
2,25.34,25.28,High,2,2,97.37,95.25
1,17.06,53.05,High,18,2,30.25,29.51
2,28.56,30.57,Low,15,3,55.34,57.18
1,18.0,34.76,High,10,6,47.88,50.59
3,43.65,36.26,Medium,15,1,90.51,88.58
1,16.52,40.02,High,8,5,37.04,39.68
3,38.94,45.48,High,15,6,85.33,83.85
2,22.31,53.35,Medium,22,3,30.81,30.72
2,28.85,47.56,Low,23,3,37.59,35.7
3,31.65,34.31,High,16,0,84.66,86.7
2,22.88,25.01,Medium,8,3,68.12,69.3
2,22.39,45.89,Low,5,4,29.76,29.2
1,14.04,25.65,High,18,4,52.75,53.5
1,13.31,27.6,High,2,4,45.67,45.28
2,21.0,46.03,Medium,11,5,36.38,33.99
2,28.7,29.84,Medium,10,0,72.43,70.47
3,36.47,42.26,Low,5,5,51.56,50.01
3,38.9,51.96,High,6,5,69.22,70.33
1,14.23,39.25,Low,1,4,24.03,23.49
3,32.99,44.84,Medium,3,6,51.13,54.12
2,24.54,49.29,High,2,2,46.56,47.52
1,13.97,31.87,Low,22,2,27.42,27.39
1,16.4,35.24,Low,22,5,26.76,29.62
2,29.72,43.4,Medium,9,3,52.27,50.88
1,14.95,25.05,Medium,0,5,44.64,44.52
2,20.62,52.05,Medium,1,1,25.57,27.74
1,17.56,49.85,Low,15,6,21.28,19.5
2,28.0,44.77,High,4,6,56.44,58.82
1,12.36,44.64,Low,20,1,16.5,18.18
1,17.37,27.18,Low,2,2,36.82,38.32
2,25.92,36.53,High,9,4,70.41,69.64
3,37.72,28.68,High,10,5,125.21,126.14
2,21.22,26.02,High,9,1,77.47,78.5
1,12.59,54.69,Low,3,5,16.82,15.66
1,12.15,32.17,Medium,16,5,26.7,29.66
1,17.45,39.38,High,10,2,44.86,43.77
2,20.23,38.23,Low,7,1,31.99,29.78
1,14.98,33.43,High,19,0,42.34,43.47
1,12.87,53.4,Low,14,2,11.2,14.17
3,36.11,54.63,Low,20,0,39.75,39.5
2,26.73,27.13,Low,15,3,59.51,60.92
1,12.31,45.62,Low,11,3,16.91,14.81
3,44.12,53.65,Medium,21,1,65.87,62.96
2,21.35,46.32,Low,12,2,31.24,29.18
2,20.97,34.03,Low,20,2,36.83,37.91
3,30.43,33.14,Low,5,4,54.5,53.58
2,24.58,25.49,Medium,23,3,76.56,73.62
2,23.67,29.76,Low,0,0,43.39,45.78
1,12.6,53.71,High,7,5,22.14,20.95
1,13.6,32.72,Low,17,5,24.99,24.62
3,33.7,50.17,High,1,6,63.22,63.33
1,15.73,27.12,Medium,6,2,41.79,43.98
2,28.73,54.98,Medium,12,3,40.61,39.23
1,15.51,41.44,Low,9,6,20.59,21.48
1,17.2,36.4,Low,11,3,31.18,29.87
1,12.79,53.83,Medium,7,0,20.79,18.63
2,22.49,30.83,High,11,5,69.06,68.65
1,16.83,48.34,High,10,6,35.23,33.81
3,31.31,30.95,Low,6,2,58.09,60.97
2,29.49,30.21,Medium,22,5,72.63,73.95
2,28.7,54.48,Low,1,3,32.23,30.04
3,31.09,33.78,Medium,4,6,67.08,68.85
3,41.32,28.25,Medium,4,0,106.62,108.01
2,21.54,39.54,Medium,13,3,39.43,39.72
3,44.99,44.87,High,5,0,99.44,96.51
1,15.48,39.73,Medium,13,5,28.37,27.35
3,41.04,51.04,Low,4,4,50.19,49.78
1,15.46,51.84,Medium,3,5,20.12,21.65
2,26.16,41.97,Low,4,3,35.6,38.43
1,13.64,42.63,Medium,12,2,22.13,24.79
2,22.56,36.28,Medium,11,3,45.85,48.35
1,16.09,36.94,Low,1,4,29.11,27.12
2,20.78,54.25,Low,12,1,27.4,24.86
2,26.94,36.72,High,17,2,71.61,69.34
2,24.67,39.79,High,21,5,63.06,61.45
1,15.19,53.53,Low,16,4,15.14,15.4
3,31.18,35.56,High,18,0,80.37,83.08
2,21.01,32.12,High,17,4,62.01,63.97
1,14.36,37.57,Medium,14,0,26.89,28.81
1,12.54,29.73,Low,9,6,22.1,23.62
1,12.82,48.22,Low,11,0,17.79,17.07
2,27.13,46.07,High,16,0,59.79,58.38
3,40.9,51.96,Low,3,5,49.33,46.97
1,12.51,35.18,Medium,12,2,25.72,24.68
2,20.42,42.25,High,17,6,44.25,46.78
2,23.89,36.22,Medium,2,5,47.84,49.32
2,25.78,53.18,Medium,20,6,34.31,34.78
1,13.11,46.4,High,10,0,27.76,28.47
1,12.33,51.31,Low,15,0,16.36,15.64
1,17.6,41.54,Low,6,1,28.38,27.0
1,16.86,32.08,Low,9,0,35.12,33.28
2,24.81,52.06,Medium,11,4,35.78,35.4
1,13.73,52.8,High,18,4,25.77,23.95
2,28.69,50.51,Medium,18,6,38.02,40.62
1,17.23,35.16,Medium,17,0,36.72,37.61
3,40.5,35.56,Medium,16,2,86.38,83.92
1,15.65,44.83,Low,0,5,20.14,20.93
1,17.17,39.9,Medium,7,2,36.91,34.16
2,24.66,30.77,Medium,13,2,58.18,58.77
2,22.57,38.47,High,7,5,55.58,57.24
2,26.99,33.88,Low,3,5,44.19,46.76
3,33.9,29.19,Medium,1,6,89.88,88.4
2,22.18,40.99,Medium,20,0,40.32,39.89
3,38.71,49.93,Medium,22,2,59.74,58.42
1,17.53,28.84,High,9,5,58.83,58.05
1,15.97,44.29,Medium,4,1,26.15,27.09
3,43.86,32.45,Medium,7,2,100.83,101.09
2,28.61,35.99,Low,7,5,48.71,47.18
3,36.75,26.48,Medium,11,0,102.7,102.92
3,41.69,35.96,Low,13,4,69.81,69.92
3,36.75,37.06,Medium,11,4,73.66,73.19
3,33.92,26.84,Low,23,6,79.61,77.01
3,32.17,53.98,High,14,1,56.07,55.33
2,29.01,31.45,High,19,4,88.12,86.75
1,16.66,49.85,Low,13,2,21.3,20.6
2,27.02,27.43,Low,16,4,60.81,59.52
1,13.54,42.07,High,11,2,32.35,31.27
1,13.14,51.1,Low,15,2,11.94,13.93
3,36.25,26.32,Medium,18,2,106.25,104.92
3,38.84,53.83,Medium,10,2,55.77,54.22
1,15.52,37.2,Medium,7,0,35.42,33.19
3,33.52,35.85,High,13,5,88.89,89.27
2,24.62,35.79,Low,4,5,39.47,42.31
1,13.79,39.61,Low,20,5,21.08,21.47
3,35.59,25.16,Medium,21,1,104.03,105.93
3,39.65,52.49,Medium,11,5,58.32,57.84
2,23.77,27.79,High,12,6,84.38,83.02
2,22.48,35.85,Medium,11,5,46.33,47.99
2,29.59,51.43,Medium,1,6,42.57,41.22
2,27.01,30.27,Low,5,6,54.15,54.45
2,26.68,53.97,Low,2,6,28.94,29.08
3,32.51,35.34,High,17,1,88.7,89.28
2,24.06,32.75,Low,0,4,46.35,44.46
2,28.38,36.75,Low,6,4,43.7,44.53
1,15.03,43.92,Low,15,2,21.57,18.86
2,20.66,50.34,High,12,5,37.53,38.88
1,15.75,38.9,Medium,18,4,29.38,31.29
3,33.83,49.2,High,3,0,63.28,64.91
3,34.43,37.56,Medium,8,3,66.43,67.44
1,16.49,34.16,Medium,7,6,33.9,34.27
2,23.64,47.94,Low,23,3,31.99,29.72
3,35.85,33.83,High,15,5,100.43,100.66
3,38.61,29.05,High,3,3,126.41,126.23
3,43.34,31.64,High,19,1,132.96,132.0
3,34.87,33.99,High,2,0,95.85,96.58
1,14.12,34.85,Low,6,5,22.49,22.37
3,41.02,28.46,High,14,0,136.11,137.73
3,37.79,44.74,Medium,18,6,60.59,61.66
3,39.4,39.85,Low,21,3,60.6,57.89
3,32.77,53.28,High,4,0,61.84,59.75
1,14.39,41.84,Low,15,6,19.18,20.64
1,14.15,47.7,Low,20,3,20.63,19.42
1,13.17,48.97,Medium,2,3,18.81,20.9
1,12.26,42.87,High,21,4,27.31,25.47
3,34.34,50.45,Low,23,3,38.9,39.48
1,12.53,35.02,High,20,0,35.96,34.23
2,23.36,31.76,High,18,4,67.03,68.88
1,16.38,26.29,Low,15,2,38.95,36.4
2,28.19,32.39,High,8,0,83.06,81.89
2,27.36,27.63,High,7,3,94.5,96.34
3,31.11,51.7,Low,23,5,35.86,36.01
2,22.11,42.13,Medium,10,2,40.82,39.91
1,15.38,50.45,Low,13,1,17.55,18.46
2,25.17,46.19,Medium,3,3,41.23,41.93
1,17.24,28.65,Medium,4,5,46.3,45.27
3,32.53,33.73,Low,13,5,57.57,55.95
2,26.09,38.38,Medium,17,0,48.46,49.11
2,23.11,52.06,High,11,2,39.04,41.53
1,17.1,43.88,High,11,4,38.06,36.63
2,23.0,33.03,Low,5,2,41.38,41.54
1,16.86,43.2,Medium,23,4,29.03,31.02
2,24.96,36.54,Medium,13,6,49.19,52.14
1,16.81,35.24,Low,6,1,28.05,28.5
2,23.83,27.01,Low,11,0,53.78,51.94
1,15.58,47.87,Low,1,3,20.71,21.11
1,15.93,51.09,High,5,2,32.92,31.28
3,32.06,36.41,Low,12,5,53.67,53.73
2,21.83,51.32,High,13,0,40.06,40.93
2,29.11,52.08,Medium,23,5,37.94,40.93
3,39.83,49.74,Low,13,1,49.76,47.24
3,36.53,31.38,Low,21,5,68.35,70.97
1,16.19,33.76,Medium,22,5,35.19,35.92
1,15.26,28.8,High,4,3,53.31,51.84
1,12.96,54.66,High,22,3,21.26,23.2
3,33.79,33.7,Medium,18,3,78.77,76.53
2,25.98,39.36,High,14,0,62.96,61.87
2,28.83,36.63,Low,13,5,45.48,46.89
3,38.36,38.37,Medium,23,2,77.3,74.54
2,22.68,37.65,Low,14,5,38.02,35.66
3,44.31,36.34,Low,0,2,71.75,73.65
3,34.74,29.85,High,15,2,113.06,111.69
2,26.21,32.18,Medium,22,1,60.76,61.16
3,40.46,52.33,Medium,19,3,57.57,59.75
1,12.01,34.8,Low,8,0,23.08,21.37
3,41.23,49.5,High,14,4,77.55,78.34
2,21.23,34.25,Medium,19,5,45.15,45.44
3,34.12,53.26,Low,12,6,40.99,39.44
3,41.36,40.75,Low,15,1,58.86,60.51
1,15.37,41.79,Medium,7,6,30.57,27.81
3,41.57,32.43,Medium,1,3,100.34,98.07
2,22.35,35.28,Low,4,5,39.64,38.0
3,30.48,46.99,Medium,14,4,51.34,49.23
3,40.71,25.22,Medium,9,3,124.41,121.97
2,20.62,43.33,High,7,6,49.66,47.15
1,17.33,30.8,Medium,6,4,42.81,42.92
3,33.63,46.7,Medium,5,6,51.79,53.04
3,40.05,39.05,Medium,20,5,76.23,76.59
1,16.75,53.76,High,1,2,33.95,31.3
3,39.25,38.46,Low,13,1,57.93,60.13
3,31.6,25.78,Low,11,5,74.1,74.5
3,31.74,35.14,High,19,2,85.64,86.58
2,26.02,33.98,Low,20,1,44.72,46.42
2,29.96,25.78,Medium,7,6,87.68,88.82
3,40.48,37.5,Low,11,2,61.3,63.85
2,29.16,33.1,Medium,16,3,64.62,67.14
1,17.96,33.73,Low,13,5,35.35,33.19
3,44.6,36.1,Medium,17,1,92.38,94.02
3,42.83,52.99,Medium,16,3,63.08,62.19
2,28.89,25.55,Low,9,6,68.38,68.12
3,44.58,54.44,High,9,1,74.61,76.75
1,15.02,37.6,Medium,17,1,26.49,29.07
1,12.75,37.72,Medium,9,2,25.1,24.02
2,23.4,39.58,Low,7,1,36.17,37.24
2,25.73,42.7,Medium,3,5,47.39,45.33
1,16.15,45.7,Medium,8,1,29.55,28.26
3,35.55,41.21,Low,23,2,51.26,53.22
1,12.4,27.41,Low,4,0,29.03,29.02
3,31.82,32.42,Low,4,3,57.28,59.0
2,23.86,28.42,Low,16,6,51.34,50.07
1,12.41,33.89,Low,16,2,22.03,23.86
3,33.29,42.43,Medium,20,4,61.1,58.34
3,44.52,40.54,Low,1,6,63.96,64.64
2,22.32,51.9,High,20,4,42.72,40.61
1,14.62,34.64,High,8,2,38.75,41.07
3,39.69,30.97,Low,14,4,79.58,78.47
2,29.01,38.43,Medium,8,1,56.26,54.94
2,29.58,46.99,High,9,3,63.29,61.0
2,26.14,27.66,Low,22,0,55.52,56.01
3,41.69,31.81,High,2,6,127.01,125.68
3,32.25,26.26,Low,23,1,72.69,75.65
1,14.99,27.59,Low,13,5,30.69,32.3
2,20.51,44.74,High,11,1,46.74,43.75
2,24.98,44.91,Low,0,5,35.8,34.31
2,25.09,37.53,Medium,10,3,50.91,50.37
2,20.13,54.56,Low,20,4,20.78,22.75
1,12.75,27.42,Low,0,0,29.1,29.79
2,24.66,36.23,Medium,10,1,49.59,49.81
3,40.36,25.08,Low,18,0,98.41,96.04
2,25.25,34.67,Medium,0,0,55.59,56.28
2,22.03,41.44,High,20,4,51.18,50.64
1,12.15,36.8,Low,12,6,17.65,19.57
2,22.45,46.11,Medium,8,0,38.36,37.7
2,25.31,27.83,High,17,5,87.19,88.84
1,15.39,37.65,Medium,9,2,26.28,29.28
3,31.89,40.15,High,16,5,74.4,75.63
1,13.14,35.03,Medium,23,0,31.91,29.41
2,21.08,29.98,Medium,16,3,54.75,52.2
1,12.54,48.72,High,5,0,25.35,24.32
1,16.37,25.08,High,10,0,60.77,63.01
1,16.95,25.04,Low,20,2,40.0,41.21
3,38.78,32.01,Medium,21,4,93.32,92.7
3,32.38,53.98,Low,5,5,36.52,37.54
2,23.39,36.88,Medium,14,5,50.85,47.94
2,22.63,50.1,High,19,6,41.27,41.74
1,13.64,28.79,Low,8,2,26.01,28.03
2,25.59,34.61,High,18,6,74.07,72.98
2,26.99,33.72,Low,18,3,47.16,49.94
1,13.29,30.79,Low,3,0,26.44,26.07
1,13.57,33.68,Low,2,3,23.12,23.5
2,23.04,43.04,Low,14,4,30.89,30.86
2,27.19,39.35,High,10,1,68.53,65.56
3,40.18,27.14,Low,2,4,89.4,87.29
2,27.41,28.64,High,8,1,92.79,93.42
2,21.57,44.07,High,17,4,45.19,47.33
2,21.76,25.86,Low,1,2,54.38,52.03
2,25.88,45.47,Medium,17,5,41.34,42.78
3,39.64,47.21,Low,15,4,50.1,49.74
2,24.8,29.28,Low,23,5,50.78,49.33
3,30.42,52.52,Low,14,5,36.17,34.86
2,25.28,41.24,Low,1,6,33.85,35.61
1,15.67,30.06,Medium,20,6,38.84,37.35
2,28.45,54.48,High,10,5,49.89,49.3
1,12.43,41.84,Low,20,5,19.65,18.94
1,16.21,43.75,Low,5,2,22.75,21.79
2,26.58,28.26,Low,3,2,56.95,54.91
2,23.14,52.12,High,19,6,46.07,43.74
1,16.81,27.78,High,3,0,56.43,57.27
1,12.18,45.59,High,22,2,23.39,25.52
1,12.5,54.96,Low,3,2,16.53,15.25
1,15.22,49.71,Low,8,6,19.09,16.73
2,26.67,34.0,Low,20,0,44.62,47.16
3,35.29,43.61,Medium,16,3,59.53,58.97
2,26.01,39.57,Medium,18,4,49.46,51.18
3,32.24,54.74,High,17,4,56.38,56.04
3,42.0,25.98,Low,6,1,96.19,97.85
2,20.79,40.04,High,13,0,51.82,51.48
1,13.88,39.46,Low,4,2,21.71,21.64
1,17.42,54.63,Low,23,1,20.66,18.94
1,13.19,30.38,Low,11,3,26.76,24.95
2,23.01,36.84,Medium,6,1,43.16,45.05
2,20.18,30.03,Low,3,6,38.98,40.48
3,33.31,42.3,Medium,19,0,56.11,57.63
3,44.42,53.61,Medium,5,1,64.23,62.87
2,24.35,51.95,Low,8,4,31.82,28.99
3,33.8,33.41,Medium,19,5,76.79,76.0
1,17.8,37.56,High,17,6,45.25,44.99
3,33.62,49.76,Low,0,1,39.92,39.51
3,31.45,51.95,Low,22,0,38.86,36.64
3,35.9,29.25,Medium,7,1,91.14,92.42
2,25.46,40.5,Medium,10,1,44.82,47.69
3,42.06,41.81,Low,14,4,56.89,58.43
2,29.2,32.09,Low,9,2,53.18,54.65
1,15.23,38.74,High,2,1,38.43,36.23
3,30.9,33.24,Low,11,1,52.95,55.49
3,40.06,33.21,Low,16,1,72.35,71.84
3,41.1,47.35,Medium,18,6,65.13,66.14
1,14.96,44.15,Low,16,1,19.93,18.86
3,33.72,37.22,Low,7,6,58.77,56.31
2,26.86,48.56,High,14,2,54.65,54.18
1,15.92,49.6,Medium,18,3,25.29,23.45
1,15.51,43.2,Low,20,2,24.91,23.18
2,27.22,49.15,High,6,5,54.28,54.85
1,16.81,42.59,Medium,18,0,29.63,29.1
1,15.26,37.58,High,21,3,41.14,38.22
2,20.16,51.61,Medium,11,1,28.0,29.33
1,12.02,34.15,High,17,5,35.44,33.22
2,29.69,45.17,Medium,14,2,47.51,48.42
2,20.58,30.4,High,16,3,66.46,63.97
2,20.26,36.66,Low,0,5,34.54,32.18
2,22.12,27.27,Low,13,3,53.37,50.63
2,28.23,50.91,Medium,9,2,40.99,42.21
1,12.37,33.83,Low,6,6,23.18,22.41
1,14.7,30.32,Medium,21,3,36.35,36.95
3,35.78,38.93,High,5,4,90.85,90.23
3,38.48,52.85,High,19,4,72.07,71.58
3,37.36,36.49,High,0,1,99.33,98.99
3,36.67,49.51,Low,12,3,42.92,42.87
3,33.82,54.04,Medium,2,1,46.84,45.3
2,26.87,50.89,Medium,1,1,39.29,40.29
3,40.92,27.57,High,6,3,146.42,143.89
1,13.01,38.91,High,7,6,32.49,32.14
3,43.49,31.91,Low,3,4,78.75,81.49
1,14.65,30.43,High,19,4,48.53,45.62
3,34.53,48.0,High,15,4,67.5,68.02
1,12.43,39.78,Medium,9,0,21.75,21.53
2,28.52,27.85,Low,23,6,63.09,63.22
3,31.13,32.29,Low,14,2,58.08,56.08
3,43.38,50.78,Medium,4,6,65.94,65.44
3,34.74,46.59,Medium,16,3,54.67,55.05
2,26.57,44.82,Medium,3,5,42.09,43.3
3,38.66,50.72,Low,2,3,45.18,45.29
1,17.86,44.41,High,23,1,36.9,37.19
3,41.83,29.71,Medium,15,3,105.44,105.42
3,39.11,28.77,Medium,16,3,101.94,100.92
1,14.23,43.78,Low,6,4,19.08,20.06
3,38.75,43.05,Medium,3,6,71.22,68.81
1,13.53,28.6,Low,23,3,26.9,28.62
3,33.58,25.87,Low,0,6,76.69,76.67
3,44.21,53.1,Medium,21,3,62.05,64.09
1,15.78,29.18,Medium,7,4,40.77,38.86
3,37.1,50.58,Medium,21,3,53.79,55.16
3,36.45,35.69,Low,12,6,57.4,59.83
3,30.51,27.78,High,7,1,103.52,106.26
3,34.16,52.86,High,13,1,60.31,61.19
3,32.24,28.82,Medium,19,1,84.76,83.14
1,16.03,38.16,High,14,3,41.24,42.03
2,27.73,44.41,Low,12,0,38.41,36.53
2,23.58,51.34,Medium,12,4,36.09,34.79
2,29.52,41.02,Low,13,1,44.17,42.06
3,42.84,53.84,High,5,6,77.75,77.5
3,32.94,46.86,Medium,10,0,51.27,53.4
2,28.53,54.13,Low,4,0,32.35,31.52
3,38.87,30.59,Medium,22,2,96.85,97.08
1,12.89,48.88,Low,20,6,17.13,17.33
3,41.12,44.58,Low,5,0,55.18,55.81
3,41.99,50.46,High,17,2,80.15,80.54
2,29.05,30.75,Low,7,0,57.77,55.33
2,23.81,49.57,Low,10,3,30.99,30.32
2,21.99,40.11,Low,21,6,32.83,32.83
2,29.91,32.0,Low,23,2,53.99,56.91
1,13.83,31.47,Medium,12,1,35.72,34.67
2,21.99,27.11,Medium,19,2,60.2,59.5
2,23.9,33.41,Low,17,6,42.46,43.63
1,15.54,33.34,Low,3,1,29.76,28.37
1,15.06,37.98,Medium,15,6,33.38,31.48
2,23.82,40.77,High,1,3,57.24,57.02
3,44.81,36.65,Medium,21,2,94.15,91.54
1,14.27,50.84,Low,1,3,18.31,18.33
1,12.1,48.82,Medium,21,4,17.48,17.76
3,32.19,32.46,Low,13,5,56.61,58.01
2,25.44,45.15,Low,6,0,32.2,34.7
3,30.61,40.96,High,18,5,73.51,72.44
2,29.89,37.25,High,7,4,78.42,77.29
2,25.11,48.98,Medium,6,1,36.05,37.07
2,24.92,47.54,Low,15,4,27.12,29.6
1,17.11,26.27,High,9,6,62.19,60.74
2,24.95,46.42,High,7,2,52.26,51.52
1,15.46,52.19,High,14,2,26.92,27.11
2,21.95,50.13,Low,6,3,25.13,27.19
2,27.68,46.57,High,15,0,58.15,56.18
2,26.68,46.04,Medium,5,5,46.19,44.65
1,14.41,53.66,Medium,3,3,17.26,20.19
1,12.62,33.32,Medium,22,0,30.56,29.78
3,43.13,28.87,Low,17,2,88.62,90.99
1,17.39,35.58,High,14,2,47.76,45.68
1,16.81,47.61,High,14,6,30.64,32.05
1,15.37,54.73,Medium,21,5,21.55,22.23
3,41.03,39.05,Low,22,4,61.45,63.54
3,30.61,36.21,Medium,15,1,62.81,62.86
3,38.77,52.51,Low,21,5,44.56,44.65
3,36.92,47.65,High,17,0,74.41,75.35
2,24.39,50.21,High,3,1,48.25,45.83
3,31.72,37.02,Low,5,2,50.96,52.05
2,25.32,25.95,Low,13,1,59.01,58.88
3,38.19,39.31,High,7,3,94.49,93.98
3,42.32,33.36,Low,9,2,72.44,74.93
3,32.65,25.96,Low,9,4,73.8,75.48
1,15.47,39.62,Low,14,4,21.17,22.2
3,35.85,50.12,Low,13,6,42.02,40.97
3,33.23,35.22,Low,2,1,60.17,58.54
1,12.17,49.83,Low,5,2,13.16,15.35
2,29.75,40.97,Medium,23,5,52.66,52.72
1,15.25,40.7,Low,14,1,19.84,21.61
3,37.89,49.63,Medium,7,2,59.35,59.07
2,29.33,39.66,Medium,4,2,55.46,56.59
3,33.69,35.83,High,19,4,88.57,89.58
1,14.31,27.95,Medium,1,6,36.39,36.95
3,30.55,50.5,Medium,7,5,47.23,47.33
2,22.83,49.21,Medium,21,1,35.22,34.33
3,36.49,42.77,High,10,3,83.63,83.63
1,15.99,25.27,Medium,0,2,46.62,47.74
2,23.47,52.54,Low,11,0,25.23,27.56
2,26.71,27.65,High,1,2,92.73,94.23
3,43.46,32.15,Low,1,0,81.32,79.86
2,29.77,51.15,High,23,2,51.66,54.62
2,24.4,35.02,Medium,20,4,54.04,51.51
3,31.52,54.62,Medium,17,2,41.74,43.54
1,14.22,25.53,Low,0,5,36.7,33.78
3,43.86,37.38,High,17,0,110.96,112.31
1,14.29,28.52,High,2,5,48.19,49.17
2,22.24,46.34,High,6,4,44.04,44.47
3,44.43,34.06,Low,8,3,82.05,79.82
1,12.73,44.1,Low,2,3,17.17,16.93
1,17.95,33.31,High,20,5,53.04,51.45
2,21.7,31.28,Low,4,6,42.08,41.63
2,25.45,31.1,Low,2,6,46.54,49.19
3,44.99,52.61,Low,20,1,55.53,52.6
1,14.1,49.33,Medium,16,6,20.65,19.6
3,35.64,51.37,Medium,19,0,48.26,51.18
1,16.5,26.43,Low,4,0,38.3,37.01
2,20.62,34.47,Low,21,3,35.74,33.91
3,36.88,26.9,High,18,6,133.16,133.47
1,16.56,49.07,High,10,6,30.57,31.44
2,22.26,41.49,Low,2,2,32.42,32.1
3,38.55,42.29,Low,3,3,55.51,54.49
3,34.37,41.74,Medium,13,5,61.68,62.25
3,35.1,47.42,Medium,10,1,55.95,54.7
2,25.17,30.2,Low,0,0,51.87,50.79
2,29.39,39.85,Medium,21,5,54.15,54.83
2,27.59,41.45,High,5,5,64.2,62.13
1,12.99,34.33,High,23,4,37.25,34.89
3,37.43,41.34,High,16,2,87.52,85.94
3,40.65,33.04,Medium,21,1,92.05,90.95
1,14.54,38.18,High,18,4,36.35,38.02
2,25.35,30.82,Medium,7,1,61.69,60.93
1,12.53,48.3,Medium,8,4,19.46,20.84
2,27.28,40.28,High,17,2,63.15,64.37
1,16.86,31.47,Low,13,5,33.25,33.06
1,13.18,28.8,Low,5,0,24.38,26.21
3,33.87,52.22,High,14,5,61.82,61.52
1,15.01,51.57,Medium,17,0,21.57,23.4
3,42.35,29.48,Medium,22,6,106.63,107.35
1,17.35,41.03,Low,13,6,25.9,24.83
1,16.44,41.53,Medium,14,6,33.7,31.35
1,15.1,38.52,High,4,1,39.64,36.88
3,41.39,51.96,Medium,0,0,57.26,58.41
3,40.65,30.25,Medium,15,3,101.51,100.44
3,42.35,31.12,Low,12,5,80.64,81.05
1,12.38,30.76,Medium,10,1,29.51,31.41
2,25.75,27.1,Low,22,2,55.34,57.02
2,29.71,50.73,High,3,1,58.82,57.9
3,39.13,32.82,Low,8,2,73.64,70.93
1,13.6,25.53,High,0,6,50.32,50.81
2,27.63,34.38,Low,23,4,44.91,47.42
2,24.81,46.87,Low,12,2,32.8,32.04
1,17.74,51.16,Medium,19,2,28.27,27.2
1,14.68,47.2,High,8,6,33.14,31.77
2,29.68,34.92,High,18,4,80.07,80.5
2,23.84,51.57,Medium,4,5,35.91,36.66
1,13.52,29.88,Low,5,3,29.96,28.13
3,38.57,49.83,Low,22,1,49.08,48.37
3,36.56,41.59,Medium,1,2,61.9,64.03
1,13.77,42.13,High,11,0,29.31,32.15
3,33.35,45.08,Low,12,5,47.0,44.44
1,15.64,36.87,Medium,9,4,27.55,30.34
2,28.92,42.19,Low,12,5,42.46,42.37
2,20.59,37.07,Low,21,2,32.61,33.34
1,14.11,28.53,Medium,5,6,36.53,38.53
3,31.16,26.75,Low,3,3,69.07,70.37
2,25.05,54.89,Low,21,5,25.03,27.28
3,44.31,54.33,Low,5,1,51.72,50.14
2,27.76,44.61,Low,1,0,37.61,38.33
2,24.84,46.31,High,7,2,52.44,50.62
1,13.97,28.23,High,0,4,46.75,47.28
1,16.81,54.02,High,1,1,32.81,30.26
2,21.12,41.69,Low,23,1,28.25,29.55
1,17.23,42.9,Medium,13,6,31.16,28.53
3,36.85,45.07,Low,18,2,51.84,49.37
1,13.41,42.05,High,1,6,31.24,31.93
1,12.04,46.28,Low,4,0,19.47,17.08
3,43.91,37.68,High,9,6,111.77,110.85
3,30.56,38.42,Medium,7,0,60.18,57.84
1,17.6,29.32,Low,5,1,33.66,36.32
2,22.29,37.09,High,15,5,56.22,56.52
1,13.44,50.29,Low,17,3,16.54,16.9
2,20.33,46.31,High,13,3,41.05,43.68
3,36.29,25.44,High,19,2,136.18,138.48
1,16.45,52.23,Medium,21,0,26.81,25.53
2,28.41,34.68,Medium,8,0,62.89,60.9
3,44.85,52.55,High,19,3,79.72,81.96
2,29.58,27.04,High,11,4,108.06,105.27
2,23.15,47.47,Medium,16,3,40.08,37.78
3,40.73,45.66,Low,1,6,56.37,55.28
1,16.84,51.5,High,11,3,31.13,31.65
3,41.41,29.81,High,17,1,132.82,131.61
2,20.03,40.98,Low,21,3,27.9,30.02
2,22.64,47.74,Low,20,2,33.01,30.1
1,14.71,26.28,Low,15,4,35.03,34.75
3,40.38,36.42,Medium,17,6,83.04,84.8
1,12.6,32.32,Medium,14,0,29.2,29.45
2,24.36,38.43,High,21,1,60.4,59.56
3,41.86,41.17,Low,7,6,63.67,61.41
3,34.1,43.49,High,9,2,76.32,76.67
3,44.98,37.64,Medium,3,0,91.38,89.11
2,20.51,40.0,Low,22,1,33.22,32.49
2,23.82,49.58,High,17,2,43.95,46.81
1,13.56,44.06,High,5,1,28.93,30.56
2,29.66,45.79,High,0,6,59.1,60.53
1,16.0,41.19,Medium,6,3,27.05,27.76
2,22.44,51.25,High,18,2,38.65,41.12
3,32.51,35.0,Medium,18,1,66.58,68.78
3,35.29,27.63,High,16,4,121.33,123.62
1,12.55,26.82,High,3,0,46.96,46.36
1,16.65,28.2,Medium,11,1,46.61,45.35
2,28.31,25.95,High,1,1,107.18,104.7
3,39.28,44.78,Medium,14,4,69.63,66.68
3,40.89,54.66,Low,11,0,42.74,44.5
2,29.14,28.72,Medium,9,1,75.52,74.81
3,34.3,34.5,Low,0,4,60.35,59.11
3,40.43,46.26,Low,14,0,51.38,53.11
3,37.87,48.29,Low,18,5,43.7,46.17
3,36.09,52.85,High,12,2,62.1,64.5
2,24.83,38.73,Low,6,4,39.67,39.68
2,27.2,48.53,High,13,4,51.17,53.21
3,34.81,40.72,Low,22,6,54.42,52.22
2,25.82,42.85,Low,19,5,34.54,35.17
2,22.43,52.91,Low,15,3,25.8,25.93
1,16.18,43.0,Medium,19,2,30.04,29.33
1,15.54,36.04,Medium,1,3,32.82,30.54
1,16.39,43.33,Medium,14,3,30.07,27.22
2,24.85,54.27,High,10,0,42.76,43.13
2,24.94,42.74,Medium,22,3,45.38,43.55
2,26.66,38.73,Medium,11,2,49.39,50.09
2,22.77,47.12,Medium,20,0,36.26,34.31
3,38.39,28.63,High,17,4,129.01,130.14
1,12.52,26.62,Low,20,2,26.8,27.37
3,35.71,47.36,Low,0,0,47.95,45.06
2,25.42,33.79,High,16,2,74.86,73.93
2,28.89,49.86,High,18,0,56.36,54.71
2,28.97,40.43,Medium,1,5,55.37,55.45
3,36.32,41.57,High,5,6,87.18,85.01
3,32.33,42.24,Medium,0,1,57.92,56.14
2,24.61,44.91,Medium,0,5,40.65,39.47
3,42.41,42.55,High,16,4,92.52,94.97
1,17.46,39.68,Low,6,0,28.58,27.43
1,14.54,45.3,High,19,0,32.68,30.72
1,15.08,51.47,Low,10,6,16.09,18.79
2,24.24,28.31,Medium,12,3,65.8,65.57
3,36.14,37.19,Medium,19,2,72.42,74.25
1,13.8,28.46,High,10,6,46.65,45.0
2,24.63,48.19,Low,14,3,33.66,32.44
1,12.02,46.5,High,11,1,26.69,24.6
2,22.21,26.44,Medium,20,5,61.69,64.52
2,28.46,53.43,Medium,18,2,38.19,40.21
1,17.28,52.11,High,4,1,32.52,31.14
1,16.48,39.24,Medium,14,2,32.4,31.99
3,33.33,29.28,High,23,0,108.03,108.55
3,36.58,29.03,Low,6,5,76.75,73.79
3,37.23,37.93,Low,22,5,59.09,59.53
3,37.47,50.49,Medium,23,2,53.79,55.86
3,32.22,25.56,Low,14,5,76.28,76.14
3,37.26,54.26,Medium,7,0,54.01,51.68
2,25.2,31.12,Low,1,4,50.33,50.26
3,36.59,29.6,Low,3,0,72.4,72.76
2,28.26,52.89,High,20,3,48.29,51.11
1,12.64,30.65,Low,2,5,21.93,24.43
2,21.58,32.84,Medium,21,0,50.34,50.47
3,43.51,25.89,High,3,2,157.54,160.39
1,13.11,42.05,High,6,3,31.44,29.26
2,27.74,28.15,High,1,2,95.78,94.68
1,17.65,45.61,Medium,19,5,27.17,29.24
2,24.65,49.86,Low,20,6,28.42,30.84
3,42.38,25.23,High,12,3,160.86,161.06
2,28.78,49.58,Medium,14,4,41.07,42.26
2,28.66,29.63,Low,6,4,58.1,58.87
3,41.85,25.52,High,9,5,158.09,156.61
3,33.69,53.7,Medium,14,2,45.77,45.1
1,15.28,25.57,Medium,8,1,44.51,44.28
2,27.42,37.76,High,9,4,70.1,71.65
2,29.38,38.08,High,14,0,74.23,73.74
3,35.47,40.1,Medium,8,6,63.76,64.44
1,17.67,27.98,Medium,13,0,48.24,47.25
3,41.41,42.02,Medium,7,6,74.29,72.3
2,27.52,45.12,Medium,17,6,43.69,45.48
2,22.59,42.56,High,19,0,50.22,52.68
3,37.15,50.0,Low,5,6,45.04,42.89
3,30.74,33.33,Low,5,1,58.45,57.07
2,24.45,44.91,Medium,5,2,37.81,40.4
1,12.58,39.08,Low,1,0,16.28,19.07
1,13.95,29.8,High,9,5,46.09,44.94
1,16.29,43.01,Low,22,5,24.92,22.75
2,22.85,31.33,High,19,3,69.8,69.55
2,22.61,45.81,Low,15,1,29.49,29.23
3,36.35,36.47,Medium,9,2,72.84,73.54
3,30.85,38.11,Medium,5,4,61.96,61.63
2,29.46,53.59,Low,20,3,30.8,32.01
2,27.84,39.86,High,8,5,70.4,68.03
2,29.68,49.27,Low,5,1,36.11,34.36
1,14.21,40.49,High,5,0,36.6,33.66
3,36.55,34.68,High,12,5,101.16,101.68
3,40.49,45.26,Low,4,2,56.86,54.27
2,27.88,29.4,Low,20,3,54.52,56.01
3,44.97,53.76,Low,21,2,52.72,50.11
2,20.45,46.56,High,5,1,44.67,42.23
2,29.99,40.25,Low,5,1,43.29,42.88
3,31.09,50.04,Low,8,0,34.3,35.86
1,16.06,49.14,High,18,1,31.54,30.04
1,12.23,49.42,Low,1,6,12.2,13.79
3,39.11,33.62,Medium,16,4,89.68,89.14
3,37.36,38.22,Medium,23,3,75.69,74.28
1,14.05,29.42,Low,11,6,28.99,28.56
3,41.11,34.36,Medium,10,5,93.19,90.44
3,39.19,41.02,Medium,9,4,70.69,73.06
3,38.86,49.69,Medium,0,3,56.9,58.17
1,15.92,43.87,Medium,7,5,28.75,26.42
3,41.05,39.24,Low,15,3,60.16,60.83
3,44.28,38.32,Low,5,6,67.35,68.05
3,37.14,36.55,Low,23,6,58.2,59.03
1,13.32,30.1,Medium,9,4,32.55,33.69
1,15.31,25.55,Low,20,0,32.76,34.76
2,26.55,41.17,High,2,3,58.45,60.23
2,21.65,46.77,High,18,1,42.01,44.0
2,22.18,46.29,Medium,5,3,38.94,37.84
3,35.76,38.3,Low,4,3,57.23,55.27
1,17.33,51.47,Low,2,5,18.48,21.27
2,21.49,41.52,Low,7,0,29.07,30.28
3,37.13,39.14,Low,21,4,54.15,55.74
3,30.15,34.03,High,16,3,84.85,84.67
1,12.24,46.49,Medium,19,4,20.51,19.18
2,22.16,35.01,High,9,0,61.39,59.68
2,24.88,40.62,High,23,1,55.33,58.16
3,42.84,34.18,Low,2,6,74.95,76.72
1,17.56,45.51,Medium,15,5,28.36,27.17
1,15.78,25.74,High,19,0,56.91,59.72
1,16.81,35.24,Medium,9,3,35.3,34.45
2,25.28,44.33,High,8,0,53.26,55.65
1,15.05,42.03,Medium,21,3,25.57,26.87
3,31.97,44.64,Medium,15,3,51.58,51.92
2,29.88,41.8,Medium,6,4,54.92,53.01
1,17.09,50.08,High,4,3,29.73,32.48
2,21.74,27.95,High,15,5,73.63,74.11
1,13.6,40.96,High,15,2,34.49,31.78
1,16.11,48.33,Medium,12,5,28.57,26.97
2,20.97,39.21,Low,5,3,34.99,33.71
1,13.55,37.1,Low,6,5,20.7,21.6
2,29.87,42.06,Medium,4,2,53.77,51.79
2,29.56,51.82,High,16,2,52.58,55.47
3,44.81,34.66,High,17,3,123.99,122.65
2,26.22,30.63,Low,1,6,52.47,53.35
3,42.64,28.86,High,21,0,139.92,141.93
3,33.81,53.33,Medium,7,0,51.04,48.89
3,41.38,49.36,High,20,2,80.39,80.81
1,12.19,28.22,Medium,17,5,30.86,33.72
3,32.66,41.22,Medium,15,0,58.37,59.47
1,17.42,33.31,Medium,12,3,42.62,39.66
3,31.88,25.14,Medium,12,2,95.78,95.42
2,22.25,25.93,High,16,1,83.47,83.45
2,23.01,33.48,Low,6,0,40.43,42.57
1,14.67,27.18,Medium,10,5,39.29,41.87
1,15.16,35.33,High,3,5,44.02,42.61
2,21.12,42.43,Low,17,0,27.6,29.94
3,36.46,50.8,High,6,5,68.05,70.15
1,17.68,36.27,Medium,13,5,39.39,36.61
2,22.73,39.7,High,15,1,55.8,56.18
3,34.75,29.62,Medium,7,4,92.03,89.43
2,29.85,44.95,Low,16,6,40.97,41.81
3,35.95,49.06,Medium,7,4,53.89,53.27
2,24.77,33.51,Low,13,1,46.38,44.26
3,33.76,30.71,Low,12,2,64.75,64.17
1,17.15,27.76,Medium,11,0,48.22,47.95
3,43.16,27.08,Low,9,2,92.96,93.97
3,35.96,36.71,High,9,1,92.5,92.31
2,29.05,46.13,Low,3,2,38.62,39.14
2,27.05,52.63,Medium,4,4,35.35,37.36
2,20.73,46.01,Medium,0,1,33.53,35.49
2,28.68,34.6,Medium,21,6,63.69,61.47
3,37.47,44.23,Medium,22,5,61.07,61.63
1,12.71,29.02,Low,20,6,24.11,24.33
1,14.58,45.0,High,2,5,29.57,32.38
3,38.89,36.03,Low,6,2,62.1,64.73
3,44.98,54.73,Low,4,6,51.95,49.22
2,21.37,51.79,Medium,13,5,32.15,31.37
1,13.48,50.71,Low,20,6,19.57,17.77
1,16.53,44.31,Low,23,3,23.94,23.99
1,15.59,45.56,Low,0,5,20.97,18.66
1,12.76,29.1,Low,2,5,26.8,25.4
3,33.82,41.16,Low,2,0,51.21,49.67
3,31.36,36.65,Medium,2,6,64.88,63.65
3,32.37,47.74,High,23,3,65.19,63.77
3,37.43,54.51,Medium,19,0,52.78,50.08
1,14.47,31.81,Low,23,3,27.2,26.35
2,22.79,48.22,Low,17,1,28.81,29.98
2,29.27,47.48,High,23,6,58.61,60.14
2,25.26,32.51,High,12,5,73.52,72.64
3,39.11,50.17,Medium,5,4,55.19,56.5
3,35.09,46.24,High,0,0,69.95,70.91
1,13.62,45.42,Medium,19,0,18.98,21.21
1,15.54,39.49,High,9,1,40.91,38.36
1,17.6,28.14,Low,18,2,33.51,35.88
1,14.77,47.65,Low,4,1,20.05,19.93
3,35.44,31.78,Low,1,2,66.9,65.52
2,27.96,33.09,High,8,1,76.86,79.7
2,27.94,33.56,Low,10,0,52.52,51.28
2,20.51,28.12,Low,5,5,42.35,42.36
1,13.18,26.85,Medium,1,5,39.12,38.21
2,25.43,25.82,Medium,9,1,73.43,74.36
3,34.5,49.7,Low,17,1,41.34,42.33
2,23.21,45.85,High,18,1,48.6,49.69
1,13.7,49.56,High,23,6,23.16,25.13
1,15.16,45.14,Low,15,1,21.96,21.62
2,29.52,39.31,Medium,10,0,57.35,57.54
2,29.08,40.65,High,4,0,68.69,67.19
3,37.12,52.26,Low,14,6,43.85,44.31
2,29.33,33.12,Low,2,3,50.66,51.7
2,20.67,31.75,Low,13,4,37.42,40.09
1,13.4,36.08,High,14,6,34.24,34.37
1,12.23,25.67,High,17,5,43.7,43.94
1,13.66,49.09,Low,23,2,18.04,17.13
3,43.24,26.09,Low,20,4,95.99,97.49
1,12.73,48.84,Low,6,3,13.9,13.64
1,12.78,48.88,Medium,19,3,20.55,20.14
2,25.35,47.6,High,15,5,49.07,49.52
3,32.52,36.61,Low,12,0,52.64,53.11
2,25.78,35.14,Low,6,2,45.81,45.25
1,16.35,44.3,High,2,5,33.22,34.02
2,25.76,29.08,Low,21,3,52.17,53.7
1,13.0,41.23,High,15,5,28.6,30.58
2,27.4,48.33,High,2,0,53.2,52.6
2,26.05,37.41,High,16,2,64.61,66.9
3,35.78,27.25,High,21,6,128.42,125.71
3,34.92,53.14,High,20,4,63.57,61.41
1,13.12,42.76,High,15,3,30.14,30.59
2,22.05,47.17,Low,18,6,31.13,29.78
3,40.73,28.83,High,8,5,136.36,135.42
3,36.46,28.21,Medium,16,6,101.38,98.41
1,15.9,45.15,High,15,0,34.85,31.87
1,12.19,44.82,Low,6,6,15.3,15.72
1,14.87,44.0,High,13,0,31.3,31.9
2,23.89,54.42,High,13,3,41.06,40.33
2,20.34,53.39,Medium,12,2,29.0,26.76
2,21.46,53.09,Low,13,1,25.26,24.44
1,12.95,48.7,High,14,1,23.52,26.04
2,27.71,40.91,Low,16,0,39.93,41.26
3,36.9,46.9,Low,23,1,45.25,45.79
1,15.86,28.8,Medium,11,6,44.85,42.01
2,27.15,33.22,High,9,6,80.71,78.95
3,36.6,28.58,High,3,6,118.34,121.02
2,22.55,50.21,Low,9,1,28.06,27.04
1,17.79,48.07,Low,3,6,20.15,21.25
3,40.66,28.95,Medium,21,6,106.11,105.21
2,26.34,35.09,Low,3,4,47.12,45.3
3,33.36,46.23,Medium,7,2,53.53,53.51
1,16.1,45.64,Low,1,2,19.64,20.1
3,37.57,29.52,Low,14,4,74.59,75.78
3,36.46,41.9,Low,11,3,55.03,53.09
3,33.32,34.52,Medium,16,3,73.4,72.68
1,15.82,28.57,Medium,1,2,43.7,41.35
2,22.65,51.49,Medium,7,5,33.97,33.28
1,12.29,50.92,Medium,6,1,17.74,16.21
1,14.92,41.35,High,19,4,39.22,36.26
3,42.59,34.39,Medium,19,3,94.4,94.5
2,27.54,44.33,Medium,15,3,44.67,45.76
3,36.57,48.17,High,2,1,73.63,72.66
2,28.23,44.39,Low,12,0,35.54,38.18
3,34.44,33.19,High,9,2,99.19,99.19
3,40.32,47.38,Low,12,3,54.5,51.87
2,27.22,31.48,Low,19,2,54.07,53.36
3,39.29,41.65,Medium,19,1,70.31,72.58
2,23.73,28.11,Low,2,4,49.94,50.94
2,23.89,44.48,Low,16,4,34.77,33.95
1,14.49,50.12,Low,8,6,16.11,15.92
2,21.65,35.38,Low,15,0,35.61,35.69
3,40.15,41.26,High,5,3,91.39,91.91
3,32.16,49.95,Medium,8,6,45.86,47.82
3,42.45,43.04,Medium,11,1,76.67,75.75
3,41.13,51.71,High,6,2,74.48,76.5
1,14.08,30.44,Medium,20,5,33.6,33.31
1,14.13,25.43,Low,9,5,31.59,33.21
2,27.19,29.05,Medium,6,0,67.56,69.56
1,17.69,32.03,High,4,2,53.14,52.71
3,42.04,45.89,Low,2,3,56.79,54.36
1,15.19,25.87,Low,22,5,33.16,34.96
1,15.65,53.42,Low,13,0,18.24,17.67
2,28.45,46.45,Medium,20,4,44.83,45.64
1,13.52,27.22,Low,22,3,32.03,31.3
3,31.97,28.9,High,15,4,104.93,106.57
2,24.57,34.93,Medium,3,1,51.13,52.44
2,20.01,32.43,Medium,19,6,46.04,48.22
2,23.28,47.23,Low,2,0,25.88,28.23
1,17.31,32.48,Low,9,0,34.91,32.8
1,17.24,27.43,Medium,17,4,42.9,45.24
3,36.11,51.13,Medium,7,5,51.77,51.44
1,15.04,54.69,High,8,1,26.01,25.93
2,29.09,45.64,High,7,0,64.16,62.73
2,23.36,46.71,Low,6,6,29.93,29.88
2,27.99,44.08,Low,17,4,38.22,36.33
3,40.35,26.95,Low,12,3,91.49,90.19
3,34.28,51.89,Low,4,3,39.82,40.15
3,34.3,32.69,Low,23,5,61.3,62.23
2,28.99,51.48,Medium,5,0,41.7,42.94
2,25.3,34.43,Medium,23,4,56.2,54.61
3,41.38,38.57,Low,0,3,66.3,64.03
2,23.92,31.58,Medium,6,0,56.25,56.25
1,13.43,35.11,Low,22,2,24.07,22.81
1,14.84,46.07,Low,0,0,20.99,20.1
2,22.6,28.46,Medium,20,1,62.83,61.08
2,22.7,47.42,Medium,0,1,35.47,34.49
2,24.49,37.08,Low,23,2,37.98,37.98
2,24.5,50.41,Medium,0,5,32.73,35.05
2,24.38,36.67,Medium,2,1,48.8,51.06
2,27.12,35.57,Low,23,1,43.48,45.11
3,39.73,26.85,Low,4,4,88.69,86.95
1,17.26,25.34,Medium,18,4,51.02,52.37
2,26.4,30.15,Medium,11,1,61.82,63.78
2,29.11,52.25,Medium,23,4,43.56,42.87
2,24.14,53.62,High,18,0,39.5,42.24
1,13.29,28.35,High,4,2,46.29,45.46
2,25.75,44.9,High,1,3,53.87,55.02
3,38.26,41.32,High,10,1,90.48,88.29
2,25.34,47.55,Low,9,0,32.59,33.53
2,23.47,39.7,Low,2,3,31.97,33.59
1,14.85,42.73,Medium,4,3,26.46,24.53
2,26.77,51.72,Low,5,2,29.89,31.29
2,22.32,25.09,Low,2,2,53.35,55.0
1,16.47,54.95,High,9,6,29.57,27.71
3,43.94,41.41,Low,8,4,66.16,65.14
3,42.15,53.48,Medium,12,5,58.53,58.32
2,22.42,33.4,High,23,6,63.48,64.41
2,22.65,40.59,High,18,1,52.56,55.42
2,20.45,26.29,Medium,10,2,60.76,59.2
1,14.1,44.53,High,10,3,28.47,29.69
1,14.75,50.82,Medium,4,5,20.32,22.03
3,35.08,33.58,Low,13,5,62.57,64.1
1,16.09,51.63,Low,20,5,22.23,19.89
1,15.28,50.75,High,23,1,30.56,30.33
2,21.06,49.31,Medium,18,6,35.53,33.1
3,40.47,53.36,Medium,14,3,60.63,58.21
2,29.35,54.64,Low,2,1,33.03,32.44
1,13.14,27.19,Low,4,4,30.59,29.87
2,25.32,48.13,Medium,11,0,40.86,40.72
3,37.13,52.74,Medium,20,1,50.87,52.33
2,20.93,48.13,Low,7,4,25.41,25.01
1,16.37,31.57,High,9,3,46.91,48.86
2,21.19,46.17,Low,22,5,30.38,28.19
1,16.7,53.92,High,15,6,32.38,29.68
2,29.7,26.71,Medium,10,5,85.45,85.25
3,43.01,47.23,Medium,14,2,67.82,66.87
2,24.65,51.86,Low,9,1,28.42,28.82
1,17.8,51.9,Low,2,3,19.63,18.87
2,26.89,28.17,Medium,9,5,72.41,72.1
3,44.98,53.61,Low,0,6,49.95,48.78
3,40.84,49.47,Low,23,6,45.9,47.98
2,25.6,27.33,High,8,2,88.64,89.1
2,24.0,52.77,High,13,6,43.34,42.79
1,16.53,25.71,Low,15,3,42.31,40.12
2,24.41,42.94,High,9,2,56.81,55.24
2,20.34,30.25,Medium,17,5,53.61,50.7
1,17.68,38.14,Medium,4,2,33.76,36.18
2,24.06,44.13,Low,4,6,31.8,32.88
2,24.57,53.39,High,0,0,44.29,44.15
1,15.06,39.14,Low,3,3,23.66,22.89
2,26.19,42.05,Medium,0,3,47.0,46.06
2,20.53,36.85,High,14,0,51.0,53.8
2,27.92,37.51,Low,23,1,46.78,44.35
1,13.57,47.89,Medium,18,6,21.5,20.72
2,20.51,29.72,Low,9,6,38.56,40.63
3,36.15,51.73,High,21,6,68.91,68.33
1,14.78,25.05,High,13,6,58.42,58.01
2,22.89,47.51,Low,3,6,26.84,27.06
3,42.83,50.01,Medium,17,6,64.38,63.36
3,33.39,28.91,Low,18,1,68.4,67.38
3,33.58,40.35,Low,0,0,49.06,51.83
3,40.91,30.42,Medium,2,3,99.8,101.89
2,20.22,39.89,Medium,13,2,37.95,37.06
3,43.57,51.84,Low,0,0,47.06,49.45
2,27.73,48.95,Low,12,6,31.86,33.02
1,14.91,34.52,High,1,3,43.64,41.24
2,20.18,36.09,Low,13,2,32.18,34.21
3,43.39,33.66,Low,18,6,81.1,78.16
3,36.05,48.29,Low,21,1,46.24,45.06
3,40.23,43.19,Low,12,2,56.93,53.97
1,14.12,25.1,Low,16,4,32.3,33.85
1,15.72,28.25,Medium,1,0,41.98,42.7
1,14.52,34.5,Low,14,6,21.76,24.63
3,41.83,39.54,Low,11,1,63.58,65.36
3,43.47,39.25,Medium,21,4,82.83,82.98
3,39.98,34.86,Medium,2,2,88.39,87.97
2,26.71,47.63,Medium,7,0,41.19,41.35
3,44.97,43.64,Medium,10,6,77.11,78.79
1,13.93,35.74,Medium,19,5,30.6,29.28
1,17.59,38.74,Low,5,0,28.78,26.98
2,27.64,42.01,Medium,12,4,49.76,50.37
1,15.37,36.51,Medium,18,5,28.18,30.05
1,15.29,47.34,Medium,6,3,28.2,25.7
1,17.27,42.14,High,1,0,42.23,40.02
2,20.84,40.11,Medium,22,1,36.3,39.16
3,37.97,46.7,Low,3,0,46.45,47.93
3,39.02,30.16,Medium,8,5,98.34,98.73
3,38.55,53.81,High,8,5,67.23,67.97
2,23.76,52.2,Medium,2,1,36.77,35.07
3,34.37,37.63,Low,20,4,51.77,53.17
3,31.95,38.72,Medium,18,1,64.18,62.77
3,44.02,49.55,Low,6,3,49.38,51.55
1,12.09,36.68,Low,19,3,19.41,20.68
1,17.69,29.65,Low,13,3,36.02,34.24
3,33.43,32.4,Medium,2,0,78.37,79.1
2,25.81,34.36,Medium,12,2,57.85,56.89
2,27.13,44.45,Low,21,2,34.54,36.43
2,20.73,45.42,Medium,23,3,34.86,36.08
1,17.31,33.07,High,5,6,46.43,49.07
3,31.71,26.94,High,17,2,112.14,114.78
2,28.94,26.2,Medium,1,0,80.38,81.75
2,23.99,36.91,Low,8,6,42.3,40.3
3,37.4,48.97,Low,10,2,47.44,45.83
3,34.88,51.55,High,18,6,64.01,66.03
1,14.22,41.39,Low,0,2,19.42,21.15
1,13.69,53.4,Low,1,1,17.2,17.07
2,20.18,49.47,Low,22,4,25.05,23.18
3,36.78,32.95,High,5,3,111.16,109.05
2,25.14,32.38,High,2,5,73.85,74.61
2,26.72,27.5,Low,22,6,58.81,56.81
3,35.7,27.84,Medium,11,0,95.13,94.22
1,17.57,42.06,Low,6,5,25.16,25.49
1,17.17,28.85,Low,1,4,39.07,36.9
2,28.62,31.08,High,19,1,87.41,88.37
3,44.4,27.95,Low,1,3,95.1,96.58
2,24.67,29.44,High,17,2,75.93,78.48
1,15.8,35.73,Low,12,6,25.49,27.75
3,44.98,31.69,Medium,10,3,104.59,106.05
3,38.54,41.04,Low,1,4,59.39,57.28
1,17.93,53.84,Medium,16,3,23.51,25.89
2,27.35,51.3,Medium,3,3,44.91,41.98
3,41.25,27.29,High,9,0,144.23,145.05
1,15.98,31.27,Low,0,4,28.0,29.67
3,41.85,39.69,High,18,1,99.2,101.65
2,20.97,47.14,Low,3,0,23.51,25.46
2,29.92,33.73,High,23,6,81.12,83.5
3,42.43,31.1,High,12,5,130.96,129.26
2,24.83,48.68,Medium,10,1,36.57,39.01
1,17.64,30.49,Low,4,3,34.12,35.39
3,33.41,47.54,Low,14,5,41.21,44.07
2,21.39,51.28,Low,19,2,27.89,25.08
3,42.54,37.53,Low,6,2,64.92,66.07
3,42.67,31.29,Low,3,2,83.27,81.82
1,15.13,47.72,High,13,6,28.69,31.47
3,39.1,32.11,Low,6,0,71.06,74.0
1,16.68,54.71,Low,4,5,16.27,19.07
3,36.0,49.45,Medium,8,4,52.36,52.88
2,27.55,51.94,High,18,4,49.85,51.29
2,21.07,50.41,High,17,3,41.39,40.54
3,36.27,40.68,High,19,5,84.42,87.35
1,16.34,46.3,High,17,0,34.33,33.88
2,28.7,51.57,High,7,5,50.82,51.65
2,26.77,36.63,Medium,18,4,50.94,53.12
3,40.84,43.22,Medium,4,0,72.02,72.17
2,20.82,41.67,High,13,1,47.31,46.56
2,21.25,38.26,Low,23,0,34.76,33.02
3,34.86,35.82,High,18,6,90.46,92.63
1,15.72,50.62,Medium,18,4,21.87,23.52
2,23.65,45.33,High,9,6,48.2,50.5
3,39.0,49.08,High,9,1,73.73,75.69
2,24.26,40.76,Low,21,5,33.67,36.03
3,40.91,30.76,Low,11,6,79.55,80.69
2,20.19,35.03,Low,1,2,36.7,35.34
1,14.16,30.28,High,17,4,44.3,46.86
1,16.56,28.34,High,8,4,60.26,57.53
3,31.07,28.16,Medium,23,0,84.27,82.53
1,14.92,42.54,High,14,5,33.32,33.06
1,15.48,42.44,Low,15,5,22.25,21.21
3,32.62,25.63,Medium,12,5,93.68,93.97
1,16.02,39.2,Medium,4,5,32.47,30.96
1,13.78,34.07,High,14,1,36.46,37.62
2,26.29,25.5,Medium,12,5,76.9,76.0
1,17.47,28.78,Medium,7,3,43.96,44.97
1,17.98,49.48,High,8,6,36.34,35.13
2,24.04,30.7,Low,3,2,50.4,48.86
2,29.39,47.06,High,13,6,61.61,61.23
3,44.32,38.94,Low,15,2,69.54,67.85
1,13.91,47.53,Medium,12,2,23.44,21.85
3,40.1,34.92,Medium,5,0,90.55,87.72
3,35.83,44.21,Medium,16,2,57.99,59.88
2,26.99,25.46,Medium,11,6,81.51,81.08
2,21.26,35.82,Medium,8,6,47.64,46.21
2,20.1,32.44,Low,5,2,39.4,37.07
2,29.19,39.44,Low,12,5,44.73,45.39
2,20.28,37.8,High,1,2,49.92,51.78
2,27.45,44.77,High,10,2,56.7,57.38
3,38.42,25.73,Low,2,5,91.86,89.89
1,12.22,35.19,High,3,0,34.8,34.83
3,41.47,40.0,Low,22,3,61.91,61.76
3,44.49,51.58,High,9,3,79.44,81.43
1,12.18,53.47,Medium,8,3,13.3,15.97
3,41.62,51.66,Medium,4,4,60.72,60.26
3,35.41,50.23,Low,23,4,40.72,40.93
2,29.79,40.07,Medium,15,3,52.56,53.76
3,44.28,27.7,Medium,0,4,118.58,118.14
2,24.79,33.01,Medium,18,1,56.7,54.83
1,17.82,47.4,High,8,6,36.8,37.08
3,30.92,50.92,Low,23,2,34.99,37.4
2,28.44,31.82,Low,1,4,50.73,51.73
2,23.61,53.25,Low,8,5,28.28,26.44
1,16.6,33.05,High,10,1,51.01,49.98
3,31.7,30.12,Medium,14,0,79.1,78.72
2,29.38,34.59,Low,2,4,48.13,50.55
1,14.4,53.4,Low,11,3,16.16,18.12
2,26.43,40.13,Medium,17,6,48.16,47.62
2,20.4,25.94,Low,2,5,49.9,48.76
2,28.59,51.82,High,19,0,53.68,51.37
3,31.7,40.19,Low,1,6,46.71,46.76
2,22.74,29.3,Low,0,1,46.33,45.64
3,31.81,37.53,Low,1,1,53.46,51.4
3,41.86,45.39,Medium,11,3,72.75,69.91
3,43.24,54.29,High,17,2,74.92,77.26
2,26.03,49.86,Medium,9,4,40.09,39.25
3,35.15,39.08,Low,5,4,52.81,51.98
2,27.77,33.38,Medium,10,3,58.99,61.8
1,14.84,50.78,Low,23,4,18.65,17.85
2,25.4,45.33,High,12,6,51.02,52.94
2,26.01,25.2,High,8,1,98.59,98.69
1,13.59,47.9,Low,11,1,19.55,18.93
3,34.34,28.95,Medium,16,2,91.58,89.64
3,35.63,28.3,Low,21,2,76.86,77.51
2,23.63,34.97,High,19,5,62.4,64.92
3,32.3,36.83,High,11,6,85.54,85.26
2,23.2,45.42,Medium,2,6,37.39,38.55
1,14.83,31.91,High,18,0,43.9,45.42
1,12.08,47.18,Low,4,6,13.88,15.8
3,40.47,51.96,Medium,10,5,58.91,56.66
3,33.81,31.21,Medium,6,3,80.1,81.21
3,37.73,34.85,High,16,3,102.13,103.68
1,15.93,37.3,Low,21,0,28.39,25.84
2,21.62,30.67,Medium,9,6,52.29,53.31
3,32.89,33.68,Medium,6,5,74.63,71.93
3,38.07,44.95,Medium,18,3,61.13,62.3
2,24.92,27.22,Low,21,6,56.95,54.23
1,16.1,26.25,High,16,4,60.79,58.64
3,43.59,54.85,Medium,21,1,56.43,58.44
1,15.91,47.77,Low,11,2,22.25,19.39
3,39.74,52.66,High,9,6,72.96,71.81
1,16.13,41.14,High,8,2,36.61,39.15
2,25.13,27.24,Low,7,6,52.9,54.79
3,40.13,44.69,Low,3,5,55.23,52.56
1,17.42,26.54,Medium,16,1,51.27,48.44
2,21.65,31.59,High,5,5,67.71,64.99
1,15.22,50.59,High,5,2,31.76,30.22
3,31.46,49.19,High,7,6,59.04,61.37
3,41.46,50.31,Low,22,4,48.28,48.93
3,35.13,49.08,Low,21,0,40.96,41.75
1,16.54,40.2,High,17,4,40.98,38.08
2,29.38,41.63,Low,11,4,43.66,41.79
2,25.2,34.99,High,6,1,70.33,69.81
1,15.95,25.34,Low,6,6,37.54,38.44
3,44.02,36.34,Medium,12,4,88.29,89.29
2,21.41,25.2,Low,4,4,50.35,48.99
1,12.41,41.4,Low,13,0,18.03,16.21
2,24.16,46.12,Medium,20,1,40.08,39.62
2,21.07,30.77,Low,5,1,42.01,40.74
2,23.76,44.34,Low,23,1,33.54,32.66
3,37.6,43.8,Low,10,5,47.73,50.63
2,24.54,52.38,Medium,16,2,31.7,34.5
1,16.2,38.63,High,6,2,40.63,38.84
3,37.1,31.7,High,23,0,112.3,110.86
2,24.16,44.08,Medium,18,4,37.4,40.02
2,20.57,51.2,High,8,0,38.66,38.56
1,17.35,49.74,High,21,0,31.75,34.4
1,17.69,44.87,High,10,2,35.65,38.27
3,43.79,39.48,Medium,22,2,86.42,83.97
1,14.96,34.96,Low,3,4,29.02,26.15
3,33.0,30.98,Medium,18,5,76.25,77.97
1,14.57,27.05,Medium,2,3,39.88,40.48
2,22.7,33.76,Low,4,6,37.73,38.42
3,40.65,29.72,Low,12,4,84.78,83.9
1,13.16,45.34,High,17,6,26.48,27.08
1,16.57,44.09,Medium,3,0,27.32,29.51
3,36.79,34.16,High,10,3,104.33,104.81
3,34.01,51.14,Low,21,4,37.3,38.88
2,29.87,26.35,Low,11,1,68.47,67.68
2,26.32,31.65,High,5,1,78.83,80.63
1,17.54,52.4,Low,10,2,17.47,18.1
3,38.74,40.63,Medium,12,2,68.94,71.31
1,15.24,29.3,Medium,21,5,37.1,38.79
2,22.97,26.13,Medium,7,0,67.9,67.48
1,12.55,54.8,Medium,17,6,17.6,18.88
2,23.61,34.08,High,8,5,67.23,65.02
2,20.85,42.25,Medium,11,4,35.05,35.43
3,44.43,46.85,High,19,2,93.81,91.87
1,13.76,39.26,High,4,0,33.72,34.03
3,34.33,39.2,High,1,0,85.76,85.35
1,16.24,40.18,Low,14,6,25.99,24.73
3,34.32,25.91,Low,5,1,79.14,80.79
3,35.17,31.68,Medium,17,3,84.01,82.15
2,21.13,29.08,Medium,8,0,51.44,52.84
2,27.98,52.33,Medium,13,5,38.74,41.18
3,38.04,46.97,Low,6,3,49.77,49.16
2,25.94,52.16,Low,13,6,26.8,28.13
3,42.29,49.43,High,9,3,81.19,84.1
2,25.72,28.09,Low,21,1,53.41,56.13
1,17.8,30.38,Medium,12,5,43.46,44.92
1,15.77,46.4,Medium,10,0,28.85,26.53
2,23.22,45.93,Low,3,3,29.62,30.21
1,15.17,43.46,Medium,21,1,22.06,24.2
2,26.39,37.36,Low,17,5,39.28,41.78
3,32.52,31.77,High,21,0,98.65,99.06
3,41.83,51.23,Medium,5,5,60.27,61.48
2,22.76,53.3,Medium,10,1,31.46,32.0
1,13.08,46.62,Low,7,5,18.31,17.12
3,36.2,28.1,Low,12,2,80.9,78.92
3,32.2,53.4,Low,9,3,35.9,36.56
1,16.98,42.15,High,17,6,39.55,38.48
1,15.35,53.85,Low,11,2,16.29,18.92
2,29.81,48.61,Medium,22,6,47.65,47.02
3,42.74,49.5,High,16,0,78.8,81.35
2,29.34,33.02,Low,17,5,52.64,55.3
2,26.6,39.7,Medium,12,2,50.48,51.39
1,15.85,38.3,Low,21,5,21.24,23.98
2,22.12,41.62,High,9,6,49.79,52.24
3,41.25,51.32,High,4,3,80.48,78.91
2,27.25,42.13,Low,12,2,40.55,38.91
3,40.92,44.36,High,8,4,90.02,87.28
2,26.42,28.99,Medium,11,2,69.67,69.48
1,14.0,48.57,Low,2,6,17.08,17.24
3,34.3,27.85,Low,5,6,77.53,75.78
3,41.63,46.51,Low,21,1,55.44,54.85
3,41.48,45.72,High,2,0,87.26,85.81
2,29.87,28.66,Medium,23,5,79.19,79.01
2,23.81,33.65,Low,20,3,40.06,41.08
1,12.81,34.02,Medium,3,4,27.86,26.26
3,30.74,25.67,Medium,15,5,87.36,88.93
3,38.56,35.0,Medium,5,5,82.83,83.15
3,37.55,51.46,Medium,3,5,56.6,55.39
1,15.22,52.04,Low,4,0,20.21,19.04
1,16.3,34.67,High,17,5,48.6,46.65
1,12.22,53.8,Medium,9,5,15.99,16.49
1,15.05,44.32,High,7,3,32.64,34.5
2,28.56,32.86,Low,22,2,52.8,51.11
3,37.27,50.31,Medium,21,0,55.07,55.19
3,36.45,43.84,Medium,21,5,62.27,62.19
1,15.11,36.61,Low,13,3,24.37,23.49
2,22.14,44.21,High,8,6,51.45,48.51
2,27.36,53.14,Low,17,3,29.61,32.41
3,35.81,25.57,High,20,2,133.83,132.57
2,28.73,28.16,Medium,11,3,74.49,75.08
3,41.97,50.15,Medium,6,6,64.07,63.39
1,16.71,51.02,Medium,15,0,21.79,23.27
1,17.93,53.34,High,5,1,35.28,32.66
3,36.85,33.09,Medium,6,4,85.3,82.37
3,31.9,43.74,Medium,17,2,55.22,55.56
3,41.86,38.73,High,3,6,99.91,102.23
2,27.59,53.16,Low,5,1,31.66,32.67
2,26.95,29.86,Medium,22,0,67.84,67.78
2,20.13,42.29,Low,11,0,29.91,27.29
1,15.31,32.17,High,3,2,47.14,45.45
2,28.17,43.84,Medium,7,2,49.8,48.16
1,13.85,27.01,High,21,6,49.29,50.3
2,29.48,32.8,High,10,0,86.15,86.1
3,37.92,54.68,Low,5,2,44.6,42.29
1,12.18,46.45,Medium,5,6,19.91,19.68
2,23.82,34.88,Low,20,2,42.51,40.35
3,34.96,54.1,Low,16,6,36.82,38.96
2,26.39,26.37,High,11,6,94.1,95.25
1,14.68,35.12,High,14,1,42.56,41.82
1,16.68,46.09,Medium,16,6,25.2,27.49
1,15.99,33.97,Medium,17,1,33.37,34.85
2,23.84,34.1,Low,11,1,42.58,42.76
2,24.68,32.04,Low,12,1,46.52,44.96
1,17.89,34.28,Low,5,0,31.86,31.5
1,16.67,54.1,Low,14,4,20.22,17.34
3,44.53,26.68,Medium,16,0,122.73,124.03
3,34.17,34.47,High,0,6,95.1,94.77
3,41.27,29.64,High,19,3,131.66,132.09
1,17.88,50.42,Medium,18,3,29.48,28.37
2,20.26,53.44,High,2,5,37.36,38.18
3,38.37,33.29,Low,2,6,70.51,70.05
1,17.15,25.8,Medium,8,4,47.16,50.14
3,39.32,27.28,High,21,6,140.33,137.45
2,26.75,30.44,Low,22,0,55.63,53.63
3,40.79,39.3,High,8,3,100.23,98.59
1,17.74,27.29,Medium,6,2,51.14,48.33
3,30.59,50.83,Medium,11,2,45.82,44.23
1,16.32,39.82,Low,21,4,21.55,23.34
3,44.88,33.64,Low,20,1,78.13,79.12
1,16.52,36.71,Low,22,0,30.88,28.12
1,13.01,46.34,High,8,6,26.9,28.86
3,44.77,38.0,High,10,0,113.78,114.22
2,27.02,38.84,Low,18,4,39.24,41.88
2,23.22,39.77,Medium,7,5,41.36,44.01
1,16.49,43.69,Low,21,3,23.03,22.74
2,23.41,48.32,Medium,0,5,35.04,37.34
1,12.01,43.82,Medium,13,3,17.05,18.84
2,29.63,35.21,Medium,1,2,59.29,61.63
1,16.87,44.98,Medium,21,2,28.34,29.03
2,29.44,29.46,Medium,11,1,76.2,74.91
3,36.3,26.2,High,9,5,132.44,131.32
1,13.44,46.06,High,8,5,29.25,29.19
2,23.59,27.72,Low,20,0,51.86,51.91
2,23.46,39.64,High,4,4,60.97,58.1
2,26.08,46.77,Low,20,3,31.82,34.31
2,29.08,40.75,Medium,8,1,57.1,55.35
3,38.89,39.39,High,0,6,93.67,96.33
1,16.08,36.84,Medium,0,5,29.54,31.32
2,28.12,46.99,Low,11,2,32.44,34.25
3,42.92,49.29,Low,7,2,50.21,52.38
3,32.27,31.89,Medium,8,4,76.35,76.11
3,32.18,47.52,High,6,0,66.38,63.55
3,32.17,28.05,High,2,4,112.68,110.83
3,37.23,38.29,Low,16,3,58.91,60.04
2,25.1,47.84,Low,6,0,29.63,29.5
2,29.46,29.21,Medium,4,2,73.36,74.4
2,21.21,29.98,Medium,15,4,51.96,54.51
3,33.29,25.87,Medium,2,2,98.47,97.65
1,12.07,46.33,Medium,15,1,18.65,17.98
1,12.52,26.76,High,7,3,46.98,46.57
1,16.22,29.46,Low,19,6,36.14,33.16
3,33.09,30.4,Low,16,6,66.56,65.77
3,36.86,35.77,Low,0,2,61.76,63.56
2,23.88,41.95,Low,12,1,35.07,32.9
2,29.12,29.85,Medium,0,3,70.88,73.79
3,37.53,37.54,Low,23,6,55.74,58.61
3,32.1,33.74,Low,18,3,53.96,56.69
1,17.97,40.72,Low,14,3,26.18,26.38
3,36.68,50.11,Low,17,5,46.52,44.37
1,17.82,40.39,High,21,1,43.84,41.94
2,21.91,44.22,High,11,1,44.94,46.34
1,13.22,32.35,High,7,3,39.18,40.23
3,32.26,31.15,High,23,1,102.31,99.49
1,14.06,48.14,High,8,4,23.77,26.42
3,37.9,35.42,Low,22,2,63.17,66.06
1,14.04,25.06,High,7,3,52.83,54.88
2,24.67,43.48,High,19,4,53.16,55.16
1,13.84,37.42,Low,9,4,17.94,20.44
1,14.85,31.62,High,7,3,45.82,45.66
1,15.75,40.67,High,21,0,38.41,38.8
2,26.1,28.34,Low,14,1,52.64,53.69
2,29.44,45.22,High,10,2,60.11,62.5
3,30.94,34.14,Medium,6,0,72.23,69.73
1,12.13,52.71,Medium,8,2,16.98,17.63
2,24.33,43.6,Medium,2,1,39.55,41.67
3,44.63,41.65,High,5,0,102.96,102.52
1,13.85,34.07,Medium,14,0,30.52,31.79
2,20.12,34.08,Low,5,0,33.56,34.99
1,13.95,26.49,Low,0,6,31.84,31.66
3,35.08,43.95,High,23,4,77.47,77.7
3,37.23,43.08,Medium,5,3,64.18,65.95
1,17.04,25.26,High,14,2,66.06,63.39
3,43.39,32.55,High,17,6,129.69,128.63
1,16.85,40.92,Low,20,5,22.24,23.95
2,22.31,28.99,Medium,5,4,55.03,56.37
2,27.94,26.75,Low,8,0,63.8,61.55
1,13.7,30.61,Low,20,2,29.75,27.89
1,17.86,40.78,Medium,21,4,31.23,32.72
3,35.76,47.38,Low,10,1,49.4,46.87
2,29.89,25.24,Low,20,1,73.87,71.12
3,38.93,42.49,Low,11,3,54.31,56.69
3,43.85,33.98,Low,12,4,75.81,75.81
3,44.74,52.87,Low,23,1,52.0,49.77
1,14.13,44.06,Low,20,3,16.67,18.98
3,39.9,34.66,Low,5,5,69.02,67.54
3,43.17,37.65,High,10,0,113.67,110.82
2,27.14,40.57,High,10,4,66.07,63.75
1,12.18,44.19,Low,0,6,18.6,17.78
3,31.29,42.81,Low,3,5,40.76,42.54
3,34.21,49.04,Low,14,2,43.78,43.26
3,30.72,27.22,Medium,13,4,83.97,83.15
2,22.73,28.75,Low,10,6,48.7,48.42
1,14.37,46.71,Medium,14,1,21.5,23.37
3,32.48,37.37,High,9,5,80.76,82.72
1,16.21,40.39,Low,7,5,24.63,25.94
1,17.52,30.06,Low,13,5,36.2,36.59
2,22.4,39.32,Low,11,5,37.39,35.02
1,15.62,32.34,Low,15,4,31.22,29.93
1,13.16,25.93,Medium,10,2,37.07,38.05
2,20.87,35.01,Medium,21,5,46.87,44.85
1,14.55,33.79,Low,19,6,23.88,25.14
3,38.51,34.68,Medium,8,2,83.04,84.47
1,17.58,44.34,Low,2,0,23.53,24.22
2,29.19,41.68,Low,15,2,45.33,42.75
2,29.18,48.12,Low,21,0,38.32,37.64
3,37.93,52.15,Low,11,3,44.54,43.12
2,27.94,26.01,Low,20,3,66.4,63.8
3,44.67,26.2,Medium,20,4,124.91,126.21
1,12.09,29.25,Medium,0,0,33.14,31.97
1,15.49,25.97,Medium,16,3,45.88,45.79
3,44.74,32.74,High,2,6,130.69,131.0
3,31.91,27.09,Medium,17,3,91.04,89.53
2,20.65,51.94,Low,14,0,23.89,25.36
2,21.86,53.11,Low,14,0,25.51,24.64
1,14.99,33.3,Medium,14,5,33.81,35.35
3,34.09,53.35,Medium,12,5,48.64,49.53
1,13.36,30.37,High,1,6,39.15,41.59
3,34.69,28.55,Medium,19,1,90.14,92.63
1,12.06,38.58,Medium,13,2,22.36,24.73
1,12.53,41.8,High,9,3,31.28,29.79
3,32.44,35.16,Medium,0,5,66.83,68.17
2,29.73,29.59,Medium,9,4,72.75,73.66
1,17.6,50.05,Medium,4,1,24.62,27.6
2,28.63,27.12,Low,23,3,64.92,64.16
1,17.57,30.41,Low,4,1,34.36,36.55
2,25.03,49.1,Medium,14,1,38.04,39.17
3,37.91,52.6,Low,15,4,46.39,44.25
1,16.1,31.27,High,2,0,47.88,49.09
3,38.48,45.81,Low,6,6,46.82,49.38
2,28.49,42.02,High,20,0,67.24,65.44
1,17.81,27.84,Medium,11,6,47.08,46.89
3,31.54,50.26,Medium,5,1,46.52,45.85
3,32.16,34.12,High,9,2,87.54,89.03
3,42.29,54.31,Low,2,2,46.93,48.7
1,14.91,42.41,Medium,9,4,24.54,26.9
3,31.58,29.68,High,11,4,101.83,101.81
2,26.15,49.63,Medium,21,3,41.5,40.96
3,43.15,47.68,Low,14,5,51.78,53.62
1,17.26,30.1,Medium,11,4,43.46,44.11
2,28.01,31.31,High,5,3,89.15,86.35
3,33.6,49.78,Medium,2,4,50.93,49.14
2,25.01,33.7,High,9,4,68.56,71.22
1,14.05,29.36,Medium,5,1,33.64,35.42
3,33.46,45.74,Low,20,0,42.5,43.25
2,22.53,47.44,Medium,22,5,39.24,37.1
3,35.23,52.14,Medium,8,1,50.99,49.6
3,43.49,40.99,Low,4,3,63.74,65.65
2,25.88,35.68,High,13,1,70.5,71.15
3,44.65,47.85,Low,14,3,55.74,55.42
1,13.52,34.5,Low,12,4,19.73,22.11
1,12.92,27.33,Medium,23,1,32.72,34.13
2,27.02,25.36,Low,2,1,62.28,62.55
2,22.16,50.31,Medium,22,1,32.82,33.35
2,25.87,45.58,High,17,0,52.23,55.14
1,13.58,43.94,Medium,20,3,19.89,21.25
1,14.8,45.36,Low,0,3,23.1,20.41
3,33.58,40.33,Medium,18,0,64.87,62.51
1,17.26,46.52,Low,23,4,21.19,20.82
3,36.93,50.99,Medium,13,0,52.26,53.69
1,12.19,26.55,Low,11,0,31.87,28.96
3,43.35,44.28,Low,4,3,58.41,59.94
1,16.26,52.85,Low,23,3,20.81,18.17
2,26.84,26.4,High,8,5,97.52,97.11
2,28.71,52.6,Low,13,4,36.67,34.14
3,42.83,32.58,Low,20,4,76.81,77.93
3,34.91,28.42,High,15,0,116.03,116.35
3,31.13,27.08,Low,4,5,66.94,68.96
2,20.25,50.62,Low,0,0,23.47,25.54
1,13.69,43.53,High,10,0,27.28,29.07
2,20.81,48.88,Medium,18,3,35.22,32.57
1,12.22,27.06,Medium,4,2,35.43,35.54
2,24.96,40.75,Low,3,2,38.2,37.81
3,35.93,33.32,High,23,3,102.44,101.82
3,33.28,33.7,Medium,15,5,70.78,72.45
1,17.91,53.38,Low,23,3,18.12,20.35
2,25.99,49.92,Medium,17,0,42.77,39.82
1,12.62,35.43,Low,13,5,22.1,22.11
2,21.86,47.31,High,19,1,41.78,44.08
3,35.72,25.49,Medium,19,0,107.21,105.56
2,28.91,50.89,High,2,6,56.24,55.4
3,44.73,44.64,Medium,4,2,72.33,74.84
3,31.0,48.14,Low,14,4,39.06,40.27
3,40.4,52.77,Medium,15,4,55.63,56.54
1,14.04,50.78,Medium,16,3,21.56,22.68
3,34.81,41.63,Medium,21,6,65.33,64.69
2,22.73,49.29,Medium,7,3,35.01,34.78
2,27.3,28.11,Medium,12,4,68.68,71.14
2,22.1,52.22,High,23,6,43.4,40.72
2,24.95,41.11,Medium,2,0,47.24,45.31
1,15.8,52.44,High,19,4,28.99,27.04
2,20.46,49.95,Low,17,0,21.8,24.72
1,14.41,33.24,High,21,1,37.66,39.84
3,43.96,27.76,High,18,0,155.5,153.73
3,40.42,37.57,High,8,1,100.71,102.51
3,40.65,27.3,High,9,1,143.36,143.29
1,17.63,50.73,High,2,3,37.17,34.98
3,33.67,54.51,High,0,5,62.02,61.06
1,13.74,38.23,High,7,5,35.38,35.09
1,16.38,27.39,Medium,16,5,44.71,44.4
3,33.77,48.34,Medium,15,5,50.05,51.57
3,34.49,44.04,Low,2,1,49.02,47.46
3,35.49,34.01,High,1,2,97.92,98.43
2,21.45,54.36,Low,20,0,23.55,24.99
3,41.97,47.18,Low,2,4,54.02,52.01
1,13.29,54.83,Medium,10,0,15.19,16.4
2,29.52,25.74,Low,6,3,68.05,67.94
1,17.41,46.19,Medium,7,6,26.62,28.82
1,12.84,25.28,High,0,1,45.21,46.84
3,30.86,49.84,Medium,23,6,48.12,45.22
3,42.59,40.03,High,20,6,100.5,102.38
1,15.87,43.57,Medium,23,4,27.8,29.02
3,41.77,36.43,Medium,14,4,87.48,87.36
1,16.87,27.66,Medium,4,6,44.37,46.11
1,14.01,51.12,Low,7,4,13.49,15.93
2,24.49,53.85,Medium,17,1,33.81,35.19
3,42.52,31.63,Medium,18,1,101.22,100.77
1,17.77,27.51,Medium,23,1,47.41,47.64
1,12.08,48.47,Low,23,0,18.22,16.85
3,33.62,35.13,High,19,1,90.88,91.77
3,38.37,25.91,Low,18,4,91.43,89.47
3,44.13,47.49,Low,11,4,58.68,57.26
1,13.65,35.24,Medium,7,0,30.69,29.32
2,20.56,35.11,Medium,3,5,43.13,43.63
2,29.87,29.96,High,17,1,93.9,96.47
2,24.36,25.59,Medium,2,3,71.38,69.49
2,26.88,54.01,Low,2,0,28.59,29.05
2,26.73,44.15,High,13,6,56.42,59.24
1,14.03,42.88,Low,20,4,20.1,19.39
2,25.74,33.11,Medium,17,0,55.06,56.98
2,23.62,34.14,High,6,6,66.91,66.42
2,22.01,45.42,High,23,2,44.98,45.27
3,30.61,40.12,Medium,9,6,54.89,57.63
3,30.38,38.12,Low,14,0,45.74,48.17
2,21.52,32.29,Low,14,0,42.97,40.75
2,24.39,47.62,Low,22,5,31.67,29.1
3,44.12,51.84,Low,7,2,49.89,49.28
3,41.4,45.53,Low,3,1,53.74,56.2
1,16.96,46.81,High,11,5,31.43,34.19
3,40.99,32.27,Low,0,3,75.86,74.78
1,13.54,36.89,Low,1,3,23.07,23.32
2,25.82,35.76,Low,1,1,41.51,41.73
1,14.5,42.79,High,3,3,33.57,32.93
2,20.75,43.06,Medium,16,0,35.53,34.98
3,31.44,44.96,High,11,3,70.88,68.98
2,25.2,36.85,Low,20,4,41.53,42.11
3,31.64,45.03,Medium,19,3,53.12,52.9
1,12.87,30.46,Low,4,1,23.12,25.86
3,32.78,46.4,High,6,4,66.75,68.02
2,28.69,34.46,Low,2,3,46.36,48.16
1,12.22,48.57,Low,7,6,16.68,16.35
1,12.44,39.66,Low,15,4,22.29,20.54
1,16.96,26.56,Medium,22,1,48.22,45.93
3,38.01,43.57,Low,13,5,54.35,51.38
1,14.11,52.93,Low,6,1,19.03,16.09
3,40.46,39.93,Medium,12,6,75.0,77.08
2,27.2,51.58,Low,14,0,29.11,32.09
2,22.21,31.56,High,21,1,65.08,67.14
2,25.29,41.8,High,19,2,56.1,57.33
1,14.91,39.1,High,16,1,36.39,35.4
3,30.4,27.2,Low,22,0,63.52,66.31
3,39.48,46.63,High,16,3,80.07,81.27
1,14.9,36.61,Low,1,4,24.82,25.96
3,30.37,48.9,Low,13,1,36.67,35.39
3,40.99,37.86,Low,3,6,61.65,64.51
1,12.88,45.72,High,7,2,29.05,27.56
1,16.67,39.47,Medium,1,3,30.99,29.72
3,33.06,40.32,Low,10,0,47.19,49.55
3,40.15,38.18,Low,3,4,67.68,64.73
3,42.52,26.14,High,19,1,160.13,157.4
2,28.25,43.35,Medium,21,0,45.96,48.95
2,21.5,39.0,Low,23,4,35.22,32.32
3,34.9,33.04,Medium,16,3,80.53,80.69
3,38.57,30.49,Low,20,2,79.49,77.76
1,16.39,37.75,High,16,1,37.92,40.56
3,34.32,34.27,Medium,13,2,71.62,73.77
2,29.38,27.28,Low,5,4,64.79,64.87
2,25.25,48.47,Low,20,4,32.81,30.41
3,38.6,26.94,High,10,1,141.28,138.52
1,13.32,38.46,Medium,21,3,25.64,24.64
2,26.44,50.89,Medium,7,5,38.53,38.54
2,27.43,28.64,Medium,7,3,73.01,71.31
1,16.46,52.31,High,9,4,31.11,31.8
3,35.59,32.83,High,19,5,100.62,102.61
2,23.03,36.35,Low,2,6,36.8,37.31
2,26.25,33.08,Medium,0,3,57.36,58.3
2,26.34,30.46,Low,20,0,52.21,50.46
1,15.8,40.64,Medium,17,6,29.07,28.83
1,12.03,50.21,Low,20,0,12.94,12.52
3,31.02,52.1,High,20,4,56.79,57.17
1,14.38,40.64,Medium,21,4,29.93,28.04
3,42.47,46.1,Low,12,3,51.38,53.32
3,44.86,40.79,Medium,2,0,80.1,83.0
1,13.06,32.07,Medium,9,2,29.62,29.27
1,13.64,39.47,Low,11,6,24.6,21.95
1,14.01,50.22,Medium,9,2,17.6,19.61
1,12.87,52.57,Low,1,4,14.22,12.78
3,38.11,47.06,High,22,0,79.09,76.42
2,25.19,29.85,Medium,19,2,61.86,64.01
3,32.79,43.63,Medium,9,5,56.39,57.5
3,31.6,34.22,Medium,10,4,73.33,70.47
2,21.02,52.84,Low,1,3,24.03,25.42
1,17.2,36.66,Medium,5,6,36.5,35.99
3,36.73,31.47,Medium,5,3,86.92,86.32
2,29.87,45.46,Medium,18,2,49.2,50.71
2,27.37,46.27,Low,19,6,36.77,35.8
2,25.65,26.69,Low,9,2,58.95,58.12
3,31.96,28.21,Low,19,1,66.33,67.25
2,22.35,47.13,Low,12,3,29.26,28.73
3,37.63,36.69,Medium,6,4,78.21,78.16
1,15.4,29.28,Low,21,5,35.33,33.13
1,15.42,49.7,High,17,3,28.17,28.69
2,29.34,50.35,Low,6,5,33.62,33.91
1,17.77,38.85,Medium,19,4,37.61,34.84
2,28.54,33.35,Low,1,3,49.98,49.95
1,17.87,50.99,Low,3,4,20.62,22.27
1,13.46,46.45,Low,1,6,19.07,16.43
1,12.1,49.19,Medium,12,5,17.92,19.92
2,22.62,42.72,High,19,3,49.3,49.59
3,41.27,44.33,Medium,16,3,73.46,70.63
2,24.59,42.21,High,9,3,57.64,55.13
1,13.29,43.65,High,11,3,31.33,30.1
1,13.3,28.1,Medium,8,1,35.64,35.15
1,12.57,40.89,Low,20,5,16.65,18.61
2,28.66,41.92,Medium,2,3,49.79,49.47
3,31.57,34.32,Medium,17,6,65.76,67.17
2,23.5,33.93,Medium,23,3,51.63,52.34
2,24.0,42.16,Low,14,2,35.85,34.63
1,13.92,30.31,Low,1,6,27.87,26.21
1,12.48,33.59,High,9,2,37.63,36.3
2,27.6,48.36,Medium,12,5,41.75,42.69
1,14.67,34.93,High,15,5,41.55,41.97
3,31.2,45.68,Low,15,2,44.84,42.32
3,32.81,39.77,Low,0,3,52.27,50.16
3,39.93,26.64,Low,15,5,92.44,90.48
2,29.63,27.4,Medium,12,5,78.62,81.11
2,28.22,32.55,Low,4,2,52.83,52.72
1,17.29,37.48,High,19,1,48.47,46.05
2,23.93,33.01,Medium,18,0,57.18,56.31
1,15.88,48.21,Low,5,5,21.68,19.89
2,26.46,28.13,Medium,22,3,71.83,68.94
3,38.93,25.99,Low,15,6,85.8,88.23
2,24.26,44.65,Low,3,0,34.67,33.89
1,15.38,44.6,Medium,5,6,27.73,26.22
2,24.52,30.93,Low,6,4,49.85,46.97
3,32.89,47.38,Low,23,6,43.31,43.37
3,42.84,48.26,Medium,20,2,66.67,66.21
2,21.78,26.72,Medium,20,6,60.0,62.35
1,16.11,32.54,Low,8,1,31.81,29.15
2,24.48,36.13,Low,2,1,41.25,40.25
3,40.56,50.19,High,18,4,82.36,79.52
2,25.17,45.41,High,13,2,53.91,54.92
2,29.24,48.82,Medium,14,4,44.16,45.98
1,14.03,32.14,Medium,1,4,37.05,34.53
2,27.67,47.09,Medium,21,4,43.83,45.78
1,12.68,40.21,Medium,19,4,23.53,23.66
3,36.31,34.28,High,6,1,104.36,103.44
1,13.16,35.94,Low,19,5,20.57,20.54
1,12.05,26.77,Medium,16,3,29.77,32.53
1,14.4,33.6,Low,17,2,29.78,26.82
3,34.65,28.44,High,16,5,118.46,117.31
3,35.13,31.78,Medium,7,4,82.11,82.61
1,17.78,47.55,Low,2,2,21.75,23.63
3,37.17,38.12,Low,22,4,56.47,57.69
1,15.72,26.67,Low,20,0,38.36,37.03
2,21.66,35.76,Low,9,2,37.95,36.76
1,13.03,26.35,Medium,19,5,34.54,36.28
3,32.99,53.12,High,10,1,58.97,59.35
3,30.88,51.57,Low,21,1,38.29,35.32
1,15.26,49.52,High,13,2,25.17,27.76
2,28.62,35.08,High,11,3,76.87,77.05
3,32.99,44.62,Medium,14,0,54.95,54.04
3,35.98,39.55,High,16,4,89.11,88.68
3,33.6,31.87,Medium,0,5,80.67,78.76
1,15.78,34.51,Medium,7,2,35.82,35.14
2,28.45,52.62,High,19,4,52.63,50.07
1,16.16,48.4,Low,18,5,21.72,20.66
2,23.87,42.68,Low,7,0,31.85,32.49
1,13.37,27.56,Low,21,4,26.28,27.66
1,14.36,29.54,Medium,19,0,37.49,36.71
2,20.92,48.58,Medium,2,0,34.72,33.28
1,13.29,54.0,Low,8,0,11.57,13.44
2,24.68,44.1,Low,22,6,33.85,34.62
2,25.35,33.37,High,19,5,75.3,74.83
3,39.26,34.08,Medium,23,4,83.57,86.4
2,25.43,50.29,Medium,17,3,35.32,37.24
2,24.52,52.02,Medium,1,2,37.76,36.81
3,40.34,45.42,Medium,4,0,65.12,64.66
3,37.62,47.87,Medium,17,1,56.44,57.93
2,29.58,33.21,Medium,19,0,68.59,66.38
2,29.26,29.28,Low,23,6,62.48,60.83
2,28.64,25.91,Low,20,4,66.45,65.53
2,28.98,28.84,Low,20,1,62.37,60.87
2,26.64,31.88,Medium,19,1,59.31,62.12
3,32.11,54.05,High,19,4,60.32,58.62
2,27.68,31.63,Medium,22,3,65.04,63.98
1,15.5,35.28,Low,13,1,24.46,25.75
2,22.93,32.47,Medium,8,6,50.07,52.56
3,30.4,51.92,Low,14,1,35.58,36.6
1,13.1,29.24,Medium,15,3,34.98,33.65
3,37.79,49.88,Low,13,6,43.88,45.75
1,16.73,42.71,Medium,1,1,30.2,28.65
3,42.21,26.41,High,9,1,153.39,151.75
3,30.44,45.46,Medium,19,3,47.18,48.75
1,17.61,49.26,High,19,4,31.06,34.0
3,32.75,44.03,Low,12,1,45.86,42.95
2,21.18,42.66,High,8,3,44.28,46.79
2,29.1,35.68,Low,12,0,47.17,48.39
2,25.43,35.56,High,15,6,67.85,69.51
1,15.31,25.34,High,17,4,57.4,57.6
2,23.37,54.86,High,7,2,41.97,42.79
3,44.14,38.94,Medium,17,4,83.36,84.12
1,16.5,44.21,Low,22,5,24.48,21.69
1,12.37,52.66,High,1,5,23.9,23.65
1,14.34,44.01,Medium,9,0,25.74,22.91
1,13.01,42.99,High,10,4,29.1,30.6
1,15.43,51.79,Low,6,4,17.66,19.4
3,34.83,32.89,High,22,1,105.52,102.83
1,12.8,29.83,Medium,1,1,35.21,33.82
1,13.03,44.2,High,22,1,29.55,29.48
3,33.13,54.5,Low,18,2,36.43,37.22
1,13.81,30.67,Low,23,0,22.75,25.63
2,26.27,46.35,High,8,4,55.69,56.02
2,26.39,32.45,Low,6,3,50.45,48.08
3,31.97,51.67,Medium,10,5,46.03,47.59
1,12.87,38.59,Low,20,2,15.69,18.17
2,29.72,38.3,Medium,11,3,60.76,59.69
1,16.78,26.18,Low,2,2,35.74,37.27
1,12.41,27.42,High,7,3,42.33,43.33
1,14.41,54.51,Medium,19,0,16.19,18.07
3,39.19,38.28,Low,5,2,59.66,60.8
1,14.35,39.91,Low,15,3,22.04,19.94
2,23.19,28.05,High,17,6,79.17,80.29
1,14.26,25.19,Medium,23,3,40.22,41.68
2,20.77,46.97,High,7,2,44.91,43.59
3,30.18,39.38,Medium,3,5,54.33,56.44
2,28.06,30.91,Low,17,2,58.24,55.75
3,34.47,51.07,Low,0,3,41.0,39.34
2,24.96,48.16,Low,12,3,31.94,31.74
1,14.05,42.87,Low,20,2,18.54,20.77
2,20.9,25.41,Medium,12,5,63.24,61.25
2,23.74,36.58,Medium,19,4,48.82,49.23
2,27.9,28.99,Low,14,3,58.23,58.02
2,22.52,33.92,Medium,1,3,52.11,51.4
1,13.51,39.36,Medium,1,2,28.59,27.45
1,17.28,40.37,Low,9,2,24.59,25.29
3,30.4,47.05,Medium,17,0,48.2,46.54
2,29.99,30.23,Medium,3,6,73.77,74.55
2,26.81,32.68,Low,23,0,53.53,51.1
1,12.97,26.1,High,15,2,46.84,46.01
2,23.4,46.96,Low,20,2,26.46,28.07
2,24.01,39.58,High,5,5,54.61,56.69
3,44.54,33.79,Low,7,3,78.82,79.23
1,17.46,50.16,Low,18,2,23.07,20.59
2,22.39,52.56,Low,1,3,25.0,25.72
2,25.25,40.42,Low,22,5,37.53,38.63
1,17.12,40.87,High,19,0,38.01,38.22
1,12.38,51.37,High,21,6,26.0,24.46
2,21.3,31.01,High,1,1,61.2,63.95
1,16.59,39.12,Low,8,6,26.61,24.43
3,39.69,25.04,High,8,3,153.77,153.45
1,12.79,43.6,High,21,0,28.67,28.27
3,37.33,43.75,High,6,3,79.55,80.35
1,13.86,37.52,Medium,5,4,26.24,28.19
2,21.61,38.48,Medium,16,1,41.67,41.78
1,12.22,42.73,High,9,1,28.88,27.05
1,13.94,30.38,Medium,16,0,35.47,33.5
3,31.11,34.12,Low,9,6,56.64,54.26
3,41.26,28.94,Medium,22,5,104.41,107.14
2,28.83,34.46,High,18,6,80.65,79.95
2,21.9,27.34,High,2,2,74.22,76.95
1,14.68,33.49,Medium,18,6,37.38,34.58
2,21.49,41.31,Low,0,1,29.41,31.58
3,37.74,28.76,Low,4,1,80.98,78.03
2,29.83,40.8,Low,14,3,43.61,43.25
3,33.09,31.55,High,15,4,100.94,101.74
2,28.37,30.17,High,13,0,92.22,91.8
1,14.85,53.21,High,19,6,29.03,28.03
2,22.81,30.59,Medium,21,5,57.75,56.9
1,17.11,28.95,Low,23,2,34.47,37.17
1,15.74,52.2,Medium,14,6,26.8,23.9
2,28.43,30.16,Medium,5,5,73.32,72.62
1,12.37,40.22,Medium,1,2,20.02,21.73
1,14.38,32.44,Low,6,6,27.12,28.18
3,44.04,35.36,Low,20,1,74.3,75.9
3,35.45,53.27,Medium,4,4,49.13,50.15
2,25.39,43.92,High,14,4,51.64,53.61
1,13.33,51.72,Low,6,1,14.58,17.05
3,31.47,46.31,Low,9,3,40.75,40.66
1,12.93,53.05,Low,17,4,12.63,13.75
1,17.01,47.84,High,22,3,35.93,35.86
1,12.32,44.67,Medium,0,0,21.08,21.41
3,38.77,40.35,Medium,14,5,76.07,73.92
1,14.64,46.09,Medium,20,6,24.03,25.04
1,15.97,37.49,High,10,1,44.87,42.09
1,13.08,30.54,High,15,2,39.96,42.29
2,28.2,36.62,Low,13,2,43.53,44.36
2,27.74,42.12,High,21,3,59.29,62.04
2,20.27,26.14,High,6,1,76.99,74.55
1,13.28,47.65,Medium,18,6,21.95,20.36
1,13.38,48.6,Medium,19,2,21.83,20.39
1,15.62,37.56,Medium,16,6,31.98,31.23
1,15.34,31.21,Medium,6,2,34.32,35.09
2,21.25,30.42,High,5,4,67.0,65.49
2,20.8,25.24,Medium,10,5,62.79,61.3
1,15.71,52.97,Medium,6,5,24.38,23.64
2,29.79,50.19,Low,1,0,36.64,34.64
3,32.81,53.07,Medium,11,6,50.05,48.06
3,30.2,54.25,High,19,4,54.52,54.62
2,29.42,35.62,Low,15,6,53.87,51.47
3,35.4,49.13,High,8,5,68.18,70.91
2,26.83,41.65,Low,5,6,36.69,39.62
2,29.79,41.19,Medium,18,2,55.33,55.36
3,37.09,52.89,Low,4,1,42.39,41.3
3,35.2,34.69,Low,3,4,62.36,59.71
3,40.65,36.92,High,22,3,102.96,104.0
1,15.96,48.32,High,15,1,31.01,31.28
1,17.99,27.5,Medium,1,4,46.14,49.04
2,29.19,44.79,Low,14,1,37.94,40.19
2,22.56,35.21,Medium,14,6,49.6,47.53
1,17.87,45.94,High,16,1,36.11,35.77
1,15.35,38.43,High,7,3,36.65,38.15
1,16.53,47.56,Medium,5,3,27.92,27.08
2,23.92,27.07,Medium,2,5,67.6,66.06
2,22.35,34.57,Medium,9,3,49.85,47.95
2,20.65,26.37,Medium,23,3,58.13,57.65
2,21.18,34.58,Medium,1,5,48.77,47.26
1,12.8,36.93,Medium,20,5,26.22,26.17
3,33.77,34.08,Medium,18,3,76.35,74.95
2,22.95,27.74,Low,11,4,51.35,49.42
1,17.26,28.58,Low,20,1,39.5,37.63
2,21.0,42.81,Low,12,3,28.61,28.5
1,13.48,51.68,Medium,17,3,17.8,17.85
3,38.48,34.22,Low,1,5,64.26,66.99
1,17.88,45.34,Low,3,3,19.59,22.56
2,23.44,25.16,High,7,6,88.86,88.06
2,27.47,41.61,High,5,1,63.42,64.52
3,44.06,34.91,Low,21,5,75.59,76.66
2,24.54,30.07,Low,22,6,47.47,49.49
1,17.5,36.81,Low,19,5,31.81,29.0
1,15.41,36.25,Low,13,0,25.32,27.26
3,42.16,30.36,Low,13,1,86.72,85.18
2,20.82,29.4,Medium,22,1,51.87,52.62
3,31.22,51.95,Low,13,5,38.03,37.23
2,24.2,48.63,Medium,14,1,38.68,36.32
1,15.79,47.75,Low,12,2,19.29,18.02
1,12.37,32.0,High,20,6,40.22,38.86
3,35.81,25.68,Low,18,0,85.84,82.98
2,24.59,41.32,Medium,21,1,45.7,43.36
3,34.49,44.33,Low,0,1,50.2,47.47
1,13.94,31.52,High,21,4,42.37,43.41
2,27.19,41.12,High,4,6,63.4,62.68
2,22.84,26.71,Low,12,5,51.79,53.14
3,39.2,48.61,Low,12,3,49.92,46.99
1,17.29,43.08,Medium,18,5,29.26,29.12
1,17.97,25.38,High,16,2,64.17,66.85
3,32.53,50.17,High,22,1,60.92,63.05
1,15.92,35.86,Medium,18,5,33.08,31.36
2,24.96,45.44,High,8,2,54.43,52.01
2,28.73,29.68,Medium,23,2,73.03,73.39
1,12.69,34.28,High,19,0,35.36,35.06
1,13.67,35.68,Low,5,1,23.17,23.93
2,28.26,34.5,High,13,6,82.33,79.47
3,33.21,28.5,Medium,13,5,88.55,85.77
3,34.76,35.68,Medium,1,3,76.87,74.87
2,20.74,44.45,Low,12,5,28.41,28.36
2,24.72,26.91,Medium,0,5,70.57,67.64
2,27.84,38.22,Low,22,4,44.06,42.35
3,36.09,48.44,Low,9,3,44.07,46.2
3,43.73,35.57,High,7,4,120.47,118.09
2,28.07,32.54,Low,20,1,51.78,52.91
3,33.79,37.27,High,19,6,88.73,86.84
3,43.39,52.09,Low,14,3,49.53,50.17
1,13.63,39.76,High,2,1,33.17,32.71
3,39.94,25.77,Medium,13,0,115.99,116.3
3,37.01,42.67,Medium,8,1,65.17,63.08
2,25.42,33.41,Low,14,1,44.0,44.92
2,20.3,54.78,Medium,8,4,30.74,29.25
2,23.22,42.0,Medium,18,2,40.14,39.93
1,17.69,37.22,Low,2,5,31.78,30.3
3,37.43,34.33,Low,13,2,67.57,66.39
1,14.16,25.05,Low,3,4,32.63,34.07
2,28.61,42.38,Medium,2,3,49.88,49.28
1,12.02,43.99,Medium,5,2,19.35,20.63
2,26.1,43.52,Low,17,3,34.16,34.75
3,38.09,28.06,Medium,3,3,100.05,101.6
1,14.03,51.73,High,12,3,25.08,25.32
3,43.56,51.82,Medium,21,5,63.26,62.44
2,30.0,47.57,Low,13,6,36.28,38.77
3,43.47,31.37,Low,21,3,86.89,84.45
3,39.33,34.12,Low,0,4,69.8,69.72
2,21.0,41.31,Low,1,3,31.41,29.34
2,20.34,36.24,Medium,18,0,40.32,42.26
3,42.38,34.79,Low,1,3,73.79,74.81
3,38.32,29.82,Medium,16,6,99.26,96.26
3,40.18,41.73,Low,15,5,57.53,56.03
1,12.77,28.24,Medium,5,3,30.11,33.07
3,34.22,35.06,Medium,2,5,73.71,72.19
3,35.64,51.16,Medium,21,4,55.49,53.27
3,33.48,38.22,Low,11,1,51.74,54.47
1,16.57,31.38,Medium,15,4,44.19,41.34
1,17.66,52.15,High,1,4,30.52,32.67
3,44.16,46.36,High,5,1,90.78,90.74
3,35.24,29.06,High,18,1,118.97,116.4
3,44.2,33.93,Low,0,0,76.6,76.61
1,13.09,29.59,Low,22,5,27.47,24.56
3,41.16,36.83,High,5,3,103.44,105.61
1,12.57,26.65,Low,8,4,25.63,27.2
1,12.79,49.86,High,7,5,20.45,23.19
2,20.95,40.57,Medium,20,1,36.83,39.53
1,13.36,35.24,Low,0,1,21.15,23.49
2,21.18,40.89,Medium,22,0,38.94,39.61
1,15.63,26.08,Medium,9,1,47.7,45.31
1,15.71,54.77,Low,17,0,17.88,17.77
1,17.18,30.63,Low,2,5,34.33,34.57
3,38.07,30.01,High,21,4,124.17,122.46
3,44.12,25.75,Low,9,2,106.94,104.75
3,36.39,34.14,Low,12,0,62.4,64.59
1,16.97,46.05,Low,23,4,20.64,21.74
3,35.15,38.7,Low,10,3,55.75,53.9
3,30.14,50.44,Low,14,0,36.15,33.99
3,38.0,32.34,High,12,1,112.16,111.66
1,17.86,28.12,Low,23,3,37.86,36.46
1,16.55,25.29,Low,8,5,44.09,41.12
1,14.12,27.72,High,9,6,47.33,48.43
2,24.63,50.8,Low,22,4,26.02,28.55
2,20.79,28.8,Low,16,1,39.7,41.32
1,13.68,46.09,Low,4,4,15.53,16.68
1,14.67,53.81,Medium,16,2,24.22,21.7
1,14.69,40.21,High,19,5,35.41,37.03
3,43.43,26.78,Medium,0,1,123.48,122.17
1,15.66,52.25,Medium,0,0,18.77,21.44
2,26.31,46.21,Low,20,3,34.35,34.12
3,40.78,44.3,Low,3,6,52.11,54.9
3,33.45,27.6,High,23,3,114.56,116.06
2,27.67,37.85,Medium,21,3,53.73,55.25
3,36.13,28.07,Low,17,1,78.43,77.6
2,23.71,52.62,Low,3,6,31.47,28.95
3,32.9,32.8,High,10,0,91.41,94.4
1,13.27,54.18,Medium,1,5,18.57,16.97
2,21.85,34.75,High,7,5,59.09,61.64
3,30.66,38.45,High,9,0,76.68,75.83
2,25.29,40.81,Medium,13,4,48.69,48.22
2,28.64,25.92,High,17,6,108.35,105.94
1,12.44,26.44,Medium,10,4,34.14,34.21
1,15.77,46.46,High,23,1,30.87,33.18
3,33.86,44.05,High,19,3,72.84,74.31
1,14.55,32.39,Medium,8,4,35.75,33.99
1,16.39,49.61,Medium,15,0,26.42,25.18
3,36.74,43.76,Low,14,3,48.66,50.26
3,43.03,36.29,Low,0,4,68.47,69.71
2,25.97,38.1,Medium,9,6,52.94,51.47
3,30.6,50.84,Medium,13,3,42.03,43.8
1,14.78,40.17,Medium,15,1,29.37,29.06
3,33.53,35.3,Low,0,0,55.3,57.47
2,24.2,37.42,High,12,1,59.96,62.14
2,24.7,40.56,Low,13,3,36.06,36.1
2,27.95,42.13,High,17,6,61.32,61.86
2,20.48,29.02,Low,11,6,39.59,40.95
1,12.44,52.76,Medium,18,0,19.56,17.27
2,29.9,42.48,Low,5,5,43.63,41.71
1,16.5,38.59,High,14,6,43.91,41.59
1,13.16,45.71,Medium,12,5,20.93,23.38
1,12.51,50.88,Medium,11,6,20.47,17.53
1,12.34,48.55,Medium,3,6,21.82,19.22
2,24.59,27.4,Medium,20,4,69.38,68.38
2,24.87,28.77,Low,14,0,48.73,51.02
3,38.24,52.23,Medium,6,0,56.68,55.18
2,25.61,31.79,High,22,5,78.0,77.53
1,12.98,36.66,Medium,6,4,25.78,24.58
1,12.78,28.54,High,9,2,41.39,43.66
2,20.98,54.52,Low,0,0,24.65,24.22
2,21.67,26.65,Medium,10,0,64.31,62.47
2,25.66,48.98,Low,2,6,32.39,30.47
2,24.78,35.35,High,17,1,64.92,65.65
1,15.02,36.68,High,13,3,41.95,39.0
3,30.46,37.99,Medium,2,3,56.28,58.37
1,17.66,28.52,Low,0,2,36.15,38.57
3,37.62,32.07,High,20,3,112.1,110.67
2,23.72,42.66,High,11,1,51.47,53.17
2,29.98,42.23,Low,8,4,39.45,40.7
3,31.97,47.26,Low,0,2,39.42,39.2
3,44.03,46.59,Low,1,6,55.56,56.24
3,42.53,35.24,Low,14,0,70.26,71.96
3,41.95,35.27,Low,20,5,71.21,72.09
2,27.43,34.17,Medium,18,4,62.11,61.84
2,22.42,39.6,Low,2,4,32.88,32.6
3,31.95,50.58,High,19,0,57.28,59.7
2,28.37,43.21,Medium,18,4,50.13,49.85
2,29.45,49.91,Medium,17,1,43.26,44.81
1,14.77,38.58,Medium,18,5,24.29,26.79
3,43.52,43.71,Low,21,4,62.26,60.72
2,25.1,42.0,Low,3,4,35.53,35.3
2,27.38,48.02,Low,21,6,29.87,32.26
2,27.97,51.91,Low,3,2,33.8,31.48
2,25.34,43.04,Low,13,6,34.99,37.03
3,44.28,30.38,High,18,2,143.41,141.64
1,16.21,34.05,Low,14,6,26.25,27.31
2,25.21,31.76,Medium,7,5,60.37,59.5
1,17.51,27.21,Low,4,3,38.55,37.62
3,32.65,41.9,Low,10,1,46.47,45.19
1,17.44,37.6,Medium,4,0,39.43,36.62
1,16.26,50.32,High,13,0,32.28,32.92
2,26.46,34.58,Low,2,4,44.41,44.51
1,14.56,26.85,Medium,15,1,41.4,40.55
1,13.58,36.39,Medium,19,4,25.61,26.47
3,33.83,36.32,Medium,8,0,66.52,68.02
3,40.82,52.03,Low,23,3,48.42,48.78
2,29.36,50.13,Medium,10,6,40.78,42.74
1,13.64,29.37,Medium,9,2,32.58,34.82
2,29.78,46.34,Low,23,3,34.08,36.83
2,27.97,51.75,Medium,5,3,41.08,38.91
2,29.11,51.67,Medium,23,0,42.09,43.56
1,17.91,30.57,Medium,20,5,42.69,44.22
2,22.47,36.45,Medium,16,2,47.4,47.07
1,16.44,52.23,Low,23,6,15.98,18.96
1,15.56,45.96,High,5,4,33.07,32.73
3,41.35,44.67,High,10,6,89.66,89.39
1,17.48,37.28,High,13,5,43.84,46.13
3,41.72,39.61,Medium,7,1,78.88,79.78
2,29.44,36.98,Medium,19,4,61.92,61.4
1,12.16,26.75,Low,3,4,29.27,27.39
1,16.65,31.79,Medium,23,1,42.72,41.28
3,31.14,48.31,High,7,0,58.91,61.09
2,27.07,36.79,Medium,23,1,54.97,56.29
3,39.43,29.1,Medium,6,1,103.28,100.96
1,15.78,42.37,Medium,0,1,28.62,28.69
1,12.17,41.56,High,5,3,29.96,29.81
1,12.22,47.58,Medium,15,2,21.13,18.6
1,14.16,54.45,High,18,5,25.57,23.54
2,20.29,54.47,High,16,5,37.32,35.7
2,20.73,30.75,Low,23,3,41.98,39.71
2,22.21,27.84,Medium,15,0,62.89,60.23
1,16.67,42.5,Low,13,3,22.07,24.08
1,12.63,25.55,Low,5,6,33.53,30.95
2,29.55,47.11,High,19,4,60.26,59.12
3,30.82,26.44,Low,4,3,66.86,68.08
1,14.27,40.11,Medium,3,4,29.68,28.04
1,14.58,33.0,Low,17,2,23.65,26.3
3,40.78,47.05,Medium,21,2,67.98,65.96
2,26.03,53.0,High,9,6,49.6,46.77
1,17.82,28.9,Low,10,5,40.78,38.2
3,31.9,53.79,Medium,16,3,46.95,44.86
1,14.0,51.19,Low,12,5,16.06,16.31
1,16.82,32.61,Low,4,5,29.32,30.6
3,38.35,30.54,Low,6,2,71.2,73.72
2,28.67,32.72,Low,2,0,53.5,52.61
1,17.49,43.67,High,23,5,42.75,40.41
3,43.25,26.57,Low,2,1,100.61,98.9
3,44.26,43.98,High,22,1,95.4,96.51
3,35.89,54.36,Low,15,4,40.09,37.98
1,16.22,54.49,Low,9,4,14.94,16.25
1,16.68,53.28,Low,16,3,17.79,20.44
2,29.61,35.29,High,4,6,79.2,80.0
2,28.79,44.12,Low,12,1,42.88,40.71
2,24.05,32.48,Medium,19,6,52.46,53.71
3,42.08,53.85,Medium,18,6,60.77,59.55
3,42.1,43.75,Medium,10,4,71.93,73.15
3,43.15,46.37,Low,7,4,56.02,56.0
1,13.31,51.79,High,10,4,24.19,24.2
1,16.44,52.57,Medium,22,5,21.08,23.46
1,14.79,25.24,High,3,6,56.42,57.47
2,27.77,46.03,Medium,15,0,48.55,46.02
1,17.99,53.32,Medium,16,5,25.42,27.24
1,16.67,53.34,Low,20,0,19.17,19.54
1,12.84,47.58,Low,2,3,20.09,17.43
1,12.26,26.46,Medium,17,2,36.17,35.88
1,12.14,35.57,High,14,6,32.75,34.28
1,13.38,29.89,Medium,11,3,33.35,35.21
2,22.29,32.47,Low,0,5,40.02,39.28
1,13.14,41.04,Medium,22,0,24.76,23.6
3,39.97,25.16,High,9,5,153.41,153.19
1,13.14,30.41,Low,12,3,23.26,24.9
2,27.97,39.77,High,13,1,71.06,68.74
2,25.94,36.26,High,23,6,68.54,67.63
2,21.74,45.57,High,16,3,45.89,44.69
3,36.18,52.76,Low,4,5,44.5,42.51
3,30.06,46.0,Low,2,0,37.91,40.35
1,15.6,49.1,High,9,1,27.69,29.46
1,12.63,30.09,Medium,9,3,28.53,30.1
2,26.7,54.18,Medium,19,4,37.59,35.17
3,34.28,27.11,Medium,1,5,91.89,94.14
3,37.55,43.01,Low,12,0,50.97,53.79
2,20.53,43.75,Medium,16,5,39.14,36.81
3,40.05,37.09,Medium,3,1,83.15,80.58
3,30.93,53.86,Low,23,4,37.64,36.1
3,30.35,46.24,High,17,6,65.13,64.8
2,27.26,49.43,Medium,22,2,41.43,42.21
3,41.35,30.36,Medium,10,0,101.99,101.6
2,21.47,30.64,Medium,21,4,52.72,53.9
2,23.06,37.63,Medium,3,3,50.61,47.85
3,34.6,29.78,Low,0,3,72.46,71.22
3,37.13,46.36,High,14,4,75.53,74.94
3,39.45,30.01,High,9,0,124.32,126.26
2,20.52,45.98,Medium,10,1,31.98,32.84
2,21.04,40.05,Medium,4,1,41.97,40.7
1,17.2,27.43,Low,3,6,35.95,38.38
1,13.96,27.65,Medium,16,0,37.59,36.96
3,44.28,49.57,Medium,21,0,67.14,66.34
1,16.84,49.86,Medium,7,1,27.76,25.89
2,28.34,43.8,Low,14,1,41.32,39.86
2,25.01,53.47,High,8,5,47.66,45.71
2,24.12,52.53,Medium,6,1,33.98,33.68
3,37.89,33.51,High,19,1,112.15,109.96
1,17.88,28.73,High,19,2,57.49,58.51
1,15.78,31.9,Medium,11,0,40.6,38.76
1,15.1,35.18,Medium,19,3,29.77,32.56
2,22.37,45.86,Medium,17,0,33.82,34.98
3,33.1,54.38,High,13,0,59.67,60.11
2,26.81,53.16,Low,11,2,30.3,30.14
2,29.32,32.24,High,13,0,86.17,88.98
3,32.39,45.74,High,19,5,67.13,68.65
1,16.81,51.04,Medium,22,3,22.19,23.53
1,12.96,43.96,Low,4,2,21.91,19.63
3,32.87,52.5,Low,20,1,36.42,37.12
3,33.13,40.55,Medium,2,6,57.11,59.35
2,26.7,41.39,High,9,0,61.04,61.88
2,21.37,40.92,Low,5,6,28.7,31.16
1,16.48,48.0,High,15,6,29.58,31.56
3,39.56,36.96,Medium,7,0,82.33,79.63
2,28.92,25.45,Low,21,0,72.17,69.52
2,20.63,45.79,Low,23,3,30.74,28.82
1,15.16,51.96,Medium,9,5,20.86,23.15
3,36.51,30.81,Low,2,3,70.27,72.64
3,37.44,28.22,Medium,1,0,98.04,99.18
3,35.6,40.94,High,8,4,79.61,81.59
2,20.9,46.22,Medium,17,0,36.0,33.84
1,12.69,33.81,High,7,2,34.87,34.94
3,37.27,30.16,Medium,5,5,92.2,94.56
2,26.55,38.7,Low,23,2,41.09,43.11
1,15.68,33.23,Low,0,2,27.34,29.49
3,40.96,54.78,Low,23,1,43.56,45.41
2,28.59,43.57,Low,23,1,38.29,38.22
2,29.74,51.53,Medium,10,2,44.28,42.84
2,28.29,50.65,Low,10,4,34.89,34.87
2,24.81,30.59,Medium,1,1,64.33,61.98
1,15.86,27.2,Medium,9,5,43.18,43.75
3,41.68,51.06,Low,6,2,48.77,48.35
2,28.65,50.15,Medium,14,1,45.86,44.27
2,24.5,53.1,Medium,1,6,36.11,34.22
1,15.06,46.77,High,15,1,28.74,30.06
3,31.26,43.05,High,18,5,69.07,70.93
1,15.65,25.09,Low,5,4,39.81,38.3
3,43.42,44.08,Low,2,6,57.56,59.19
3,30.71,32.16,Low,21,4,56.31,58.26
2,25.09,30.62,Low,11,0,44.84,47.82
2,20.32,48.75,Medium,20,4,30.19,31.77
3,33.28,41.9,High,9,1,73.66,76.23
2,21.4,25.58,High,2,4,79.41,80.16
2,22.53,47.13,Low,0,4,28.82,29.56
1,17.65,32.01,Low,1,5,32.2,32.93
1,13.08,48.86,Low,2,2,18.28,16.31
1,15.9,41.45,Low,10,4,19.47,21.13
2,22.19,40.05,Medium,23,6,39.86,41.19
3,43.54,37.48,High,7,6,113.36,111.83
1,16.4,46.27,High,15,5,33.54,35.76
1,17.06,32.5,Low,1,3,31.6,30.56
2,28.38,38.85,Medium,14,0,54.93,53.7
3,34.84,52.32,Low,11,4,40.87,38.66
1,16.21,38.21,Medium,9,3,31.58,30.86
2,23.9,44.06,Medium,17,1,40.18,40.78
3,36.21,34.59,Medium,8,6,76.41,77.76
2,24.42,52.05,Medium,21,5,35.71,35.42
2,21.66,44.57,High,13,4,46.06,48.23
3,37.5,43.88,High,10,0,80.83,81.28
3,38.4,43.06,High,3,0,83.4,85.99
1,15.82,42.54,Medium,19,5,30.97,29.8
3,44.18,43.34,Medium,1,2,78.74,78.12
1,17.78,54.3,Low,22,5,15.43,18.35
1,15.26,39.51,Medium,2,0,30.4,29.8
3,38.84,34.21,Medium,22,1,88.43,85.67
1,15.11,33.05,High,1,3,46.88,44.03
3,34.84,26.81,Low,0,1,79.65,76.88
3,30.36,32.69,High,9,6,86.13,88.98
2,20.8,49.71,Low,20,3,22.89,23.38
1,17.41,32.67,Medium,0,4,43.82,41.11
2,29.95,33.4,High,16,2,85.96,85.72
2,22.55,45.62,Medium,10,5,36.59,35.73
2,24.56,52.52,Low,23,0,24.87,27.74
3,33.54,28.33,High,4,3,115.01,113.95
3,44.39,42.13,Medium,0,4,79.54,77.36
2,28.02,47.36,High,10,2,58.34,57.47
3,41.81,36.38,High,16,6,111.62,109.93
3,41.97,26.34,High,5,0,156.29,154.3
2,24.91,26.52,Medium,19,0,71.41,68.9
2,27.62,44.57,Medium,0,3,49.4,47.48
1,17.79,52.05,Low,21,6,19.38,19.33
3,35.82,43.44,High,6,5,80.77,79.8
1,12.67,44.96,Medium,3,6,19.41,20.39
1,17.79,33.14,Low,23,3,31.92,32.99
2,28.47,38.21,Medium,4,4,56.75,56.1
1,13.8,41.61,Medium,6,1,22.1,23.86
1,15.29,48.39,High,13,5,26.42,28.57
1,13.79,26.14,Medium,14,3,37.22,39.89
3,33.45,27.41,Low,12,2,73.71,72.99
2,26.55,38.95,Medium,9,2,51.37,50.43
1,13.25,44.52,Medium,18,1,21.71,22.46
2,23.29,31.17,Low,21,5,42.79,42.92
2,24.47,38.22,Medium,23,4,49.5,49.75
1,17.81,31.67,High,16,1,50.41,52.89
1,13.33,33.69,Medium,23,6,27.35,28.74
1,13.94,53.98,Low,18,0,13.35,14.04
3,40.53,29.83,Medium,10,1,100.96,102.63
2,23.82,31.18,Medium,8,2,56.43,55.66
1,17.5,34.8,Medium,2,6,36.71,38.06
3,42.89,41.35,Low,18,4,61.84,60.97
1,17.7,30.14,Low,3,4,35.23,35.92
3,44.07,46.03,Medium,10,1,75.53,72.57
3,39.75,44.33,Low,20,3,53.54,52.18
3,35.44,38.28,High,10,2,87.36,90.26
1,16.19,35.99,Medium,18,1,32.48,33.79
1,17.31,46.41,Medium,0,0,29.16,28.3
3,39.03,29.16,Medium,11,4,99.25,98.41
3,30.03,40.08,High,5,5,70.93,73.12
2,22.15,28.26,Low,5,2,47.79,46.24
2,21.6,25.79,High,10,3,83.14,81.24
2,29.51,34.57,Medium,23,1,66.79,64.4
3,41.87,44.63,Medium,9,4,69.89,71.02
3,41.46,43.19,Medium,7,4,70.49,70.36
3,44.17,35.43,Low,4,1,75.42,75.62
3,43.61,26.51,Medium,0,0,125.29,124.09
2,29.03,54.25,Low,15,2,32.15,32.58
1,16.03,29.06,High,21,2,52.38,53.86
2,26.77,36.77,Low,1,1,42.26,44.39
1,15.81,39.31,High,17,4,40.68,38.99
2,23.09,27.72,Low,15,4,50.81,50.96
3,36.01,37.57,Medium,8,2,73.63,73.08
2,25.79,36.13,Low,15,5,40.01,41.3
2,22.09,50.05,Low,13,5,26.69,27.54
2,24.12,51.72,Low,20,1,25.6,27.7
1,17.07,29.31,Medium,2,2,44.65,44.37
3,35.26,29.68,Low,15,6,74.84,73.05
2,26.8,41.2,Low,23,0,40.04,40.03
1,17.1,38.61,Medium,9,3,35.96,33.3
3,35.02,38.96,High,14,3,86.62,88.14
2,28.95,44.49,Medium,16,4,45.97,48.25
1,13.5,52.8,Low,0,1,16.31,15.56
3,41.46,51.8,Low,20,3,48.9,47.17
2,20.2,41.66,High,11,2,47.93,46.61
3,37.73,53.17,High,19,2,66.39,68.76
3,44.06,32.19,Low,22,2,80.24,83.16
1,16.22,54.11,Medium,23,3,19.21,21.72
2,28.22,39.13,Medium,8,2,54.87,55.28
1,14.35,34.14,High,13,1,43.56,41.92
3,36.3,51.7,High,17,5,68.74,69.28
3,33.68,30.7,Medium,2,4,83.44,83.12
1,14.8,45.98,High,14,5,28.89,30.02
3,37.22,33.1,Medium,2,4,83.77,82.99
1,15.72,49.34,High,18,4,31.23,30.56
3,32.72,35.05,Medium,20,5,67.05,69.11
1,13.67,35.02,Low,22,3,19.5,22.49
3,41.01,29.31,Low,22,2,82.44,83.18
3,40.39,52.79,Low,9,4,45.68,47.41
3,32.8,44.81,Medium,8,4,53.14,53.64
2,23.11,37.3,Low,10,1,32.96,35.2
1,16.42,33.9,Low,12,4,30.36,29.98
3,42.62,32.12,Low,17,5,79.8,80.19
3,30.91,51.89,Low,7,5,33.98,33.96
3,39.63,52.56,Low,12,6,44.56,44.08
3,40.71,30.59,Medium,15,5,97.45,97.86
1,12.36,27.81,High,18,0,42.51,44.04
3,38.79,32.47,Medium,16,5,91.7,90.37
2,23.34,33.97,Medium,18,5,50.54,50.14
1,13.66,40.11,High,20,3,33.08,31.56
2,22.12,26.67,High,17,0,79.39,80.45
2,28.95,37.63,Low,23,2,48.58,46.72
3,43.72,39.7,Low,0,4,66.64,67.02
3,44.61,30.36,Low,14,6,91.73,89.92
3,40.18,34.51,Medium,17,2,88.3,86.13
3,34.42,27.54,Medium,10,1,92.87,93.69
2,22.99,30.24,Low,21,3,50.32,47.58
3,39.44,46.52,Medium,8,6,62.8,65.39
1,16.03,52.1,Low,21,6,20.22,19.1
2,23.12,28.1,Low,13,4,50.99,48.04
1,16.96,26.54,Low,6,4,38.6,36.86
3,38.9,44.71,Low,12,3,52.06,51.54
2,25.26,28.1,Low,15,5,52.01,54.68
1,14.24,36.24,High,9,2,38.12,36.0
3,38.45,48.81,Low,3,5,47.08,48.38
1,16.02,28.13,Medium,10,0,39.89,41.84
2,22.58,48.14,Low,5,4,25.11,27.82
1,15.48,50.52,Low,20,0,17.58,18.32
2,26.46,29.84,Medium,16,5,63.46,65.66
2,29.57,34.75,Low,12,6,52.08,52.61
2,25.25,35.79,High,7,0,65.0,66.11
2,22.84,49.8,Low,23,5,29.79,26.95
2,24.32,28.31,High,19,5,82.64,81.81
2,29.14,40.91,High,21,4,67.16,67.98
1,16.92,29.52,High,2,3,53.16,55.58
2,26.16,28.98,Low,16,6,54.15,56.15
3,41.85,27.33,Medium,13,2,115.54,115.76
1,15.63,47.34,Low,1,4,18.86,18.53
2,26.47,47.72,High,7,0,51.56,51.66
1,17.46,50.37,High,9,1,35.16,33.81
1,15.29,31.78,High,11,6,45.48,45.74
3,37.42,35.48,Low,23,2,65.38,64.57
2,21.58,36.18,Medium,21,1,42.85,45.0
2,27.36,46.87,High,6,1,55.72,54.28
2,25.96,53.77,Low,12,6,29.32,30.31
2,29.71,38.09,Medium,19,5,61.68,59.33
3,36.33,46.23,Medium,19,5,55.79,58.09
2,20.47,52.55,High,19,4,39.55,37.74
3,33.13,35.94,High,19,3,87.13,89.89
1,12.67,31.53,Low,10,0,20.33,22.88
1,15.42,32.38,Medium,18,1,39.01,36.51
1,16.5,25.78,High,15,1,58.79,59.51
1,16.25,50.27,Medium,21,6,22.78,24.84
3,41.69,36.21,Medium,16,6,83.86,84.95
2,24.99,53.91,Medium,9,1,35.87,33.59
2,29.16,54.2,Low,19,2,30.9,33.42
2,22.6,40.42,Low,4,6,34.47,34.51
3,34.34,30.15,High,10,1,108.96,110.47
3,33.38,28.28,Low,22,2,71.69,72.07
2,22.68,44.59,Medium,5,6,38.98,40.1
3,34.17,35.49,High,18,4,94.17,93.68
2,22.4,35.7,Medium,23,6,49.92,48.52
3,31.8,26.62,Low,14,5,72.57,71.41
3,43.39,34.72,High,17,2,120.22,119.97
1,17.04,25.61,Low,18,6,44.56,41.62
1,17.58,29.73,Low,21,3,39.1,36.23
1,12.02,33.75,High,10,5,36.79,36.1
1,14.47,32.7,High,4,5,40.1,42.28
2,21.46,42.45,Low,9,4,34.6,32.21
3,31.04,53.9,Low,5,5,33.95,33.67
3,34.05,47.04,Low,16,4,39.41,41.9
3,40.45,31.71,Low,7,2,76.81,77.08
2,22.35,34.05,High,1,1,66.54,64.71
3,39.36,35.51,High,22,2,104.21,107.0
3,41.53,44.88,Low,23,5,54.85,55.65
3,38.92,31.59,High,18,0,117.0,117.3
2,28.89,46.39,Medium,17,3,42.97,44.73
3,43.77,44.19,Medium,6,6,74.82,73.19
1,13.59,27.73,Low,17,3,28.54,29.73
2,23.95,48.69,Low,0,4,32.37,31.06
2,23.19,31.3,High,20,0,67.39,69.71
3,34.94,41.45,Low,22,2,51.51,49.01
2,24.2,26.09,Low,14,1,55.0,54.73
2,21.02,27.14,Low,11,5,44.5,46.76
3,43.89,54.87,Medium,9,4,63.19,61.59
2,27.03,35.33,Medium,4,4,60.0,59.25
3,35.51,48.72,High,1,4,72.56,70.06
2,25.54,38.02,Low,20,5,42.17,40.06
1,12.18,39.41,High,4,2,28.18,29.49
3,44.69,32.61,High,16,3,130.17,131.19
1,17.99,25.67,Low,13,3,41.15,40.94
3,34.08,40.85,High,16,3,80.21,81.03
2,28.74,51.08,High,9,5,49.84,52.49
1,15.63,51.75,Low,6,4,21.75,19.74
1,16.37,38.05,High,1,2,40.56,40.08
2,26.92,25.09,High,17,4,101.46,101.4
1,18.0,50.89,Low,23,2,24.02,22.8
2,29.25,42.26,High,19,1,66.86,64.79
3,30.23,28.24,Medium,15,3,77.65,79.12
3,38.78,54.52,Medium,20,3,51.56,52.53
1,15.95,53.03,High,17,2,32.72,30.23
2,20.6,28.88,High,12,0,68.76,69.13
1,12.2,25.98,Medium,10,1,35.08,35.7
2,25.2,43.38,High,18,2,57.21,56.86
1,12.52,34.95,Low,12,3,21.49,23.05
2,20.65,53.24,Low,15,6,24.13,24.99
1,13.88,38.87,Medium,2,5,25.45,27.97
2,27.15,49.97,Medium,10,2,41.06,39.6
2,27.03,41.42,Medium,5,4,46.51,49.16
1,16.42,26.58,Low,20,5,39.53,37.85
2,24.07,28.42,Low,21,4,48.73,49.65
1,17.31,53.03,High,9,6,34.52,32.94
2,26.37,25.68,Medium,21,4,77.02,75.91
1,17.28,40.55,Low,13,6,24.22,24.86
3,41.97,52.27,Medium,10,6,58.05,58.82
3,38.89,37.64,High,8,3,98.83,100.32
3,31.48,33.1,Low,11,3,56.48,58.47
1,15.91,29.87,Medium,10,5,42.01,39.67
1,15.68,32.53,High,12,1,47.42,45.67
1,13.13,54.99,High,21,4,22.39,24.25
2,21.57,36.93,Low,4,6,34.58,35.39
2,22.79,46.41,Low,19,0,29.38,28.46
1,15.88,43.96,High,13,5,32.11,33.33
3,33.2,47.47,Medium,13,0,54.71,53.37
1,15.3,27.14,High,18,4,50.31,53.1
1,15.19,54.01,Low,12,5,19.65,18.31
1,16.43,31.32,High,17,6,48.82,50.72
2,21.65,32.11,Low,11,3,38.34,40.47
1,12.12,53.47,Medium,2,2,14.96,17.69
1,16.65,37.75,Low,2,3,25.43,27.38
3,43.2,36.62,High,21,3,110.75,112.2
2,25.43,47.32,High,8,3,50.25,52.32
2,28.68,42.06,Medium,17,4,52.81,51.83
1,16.19,42.54,Medium,18,4,28.57,29.64
2,28.64,30.82,High,21,2,87.74,89.43
3,40.63,40.1,Medium,4,5,77.05,74.37
3,33.24,30.68,Medium,13,5,78.42,79.26
2,25.34,36.02,High,19,5,69.95,67.38
3,32.06,44.77,High,0,5,69.89,69.77
2,23.93,41.6,High,3,4,57.12,55.67
1,16.92,42.5,High,13,4,40.25,40.04
1,14.88,54.28,Low,6,0,13.44,14.87
1,17.96,28.37,Medium,12,3,50.78,48.21
1,16.04,50.6,Low,22,1,21.84,19.27
1,17.84,38.83,Medium,9,2,33.5,36.06
3,32.92,27.79,Low,16,3,75.1,72.75
3,40.75,51.33,Medium,20,4,61.34,61.45
3,43.4,30.3,Low,12,6,85.94,84.13
1,12.14,43.13,Medium,8,6,19.33,19.9
2,29.61,29.81,Medium,13,2,72.38,74.76
2,26.3,41.96,High,9,3,58.51,60.94
1,13.9,30.36,Low,2,6,29.53,27.83
1,17.14,42.49,Low,2,3,22.89,23.39
2,21.81,27.02,Medium,19,6,62.92,61.2
1,13.97,41.38,High,9,3,35.7,34.29
1,12.32,26.38,Low,21,5,26.88,27.85
1,17.68,39.71,Medium,5,3,32.94,32.31
3,41.49,25.55,Medium,4,3,123.97,123.78
3,34.52,43.69,Medium,22,4,59.48,60.21
2,29.64,54.27,Medium,9,1,41.2,42.39
1,13.88,48.7,High,7,2,25.79,27.38
2,26.36,39.34,Medium,14,0,52.66,49.77
3,40.94,29.24,High,10,4,134.2,136.27
1,13.55,52.83,Medium,19,3,18.61,18.81
1,13.33,49.93,Medium,9,3,17.7,18.49
1,14.17,52.75,High,21,5,25.04,24.56
3,37.41,31.93,Medium,0,5,89.1,89.18
1,12.51,45.52,Low,4,1,17.49,16.83
3,37.08,28.93,High,6,5,122.01,124.79
1,15.71,38.45,Medium,5,1,31.36,29.18
1,12.48,44.93,Medium,2,1,25.24,22.57
2,28.74,51.25,Medium,7,2,41.84,41.67
2,29.81,51.41,Medium,13,4,47.27,44.47
3,32.84,33.24,Medium,10,2,72.0,73.19
2,21.47,42.84,High,5,5,43.65,46.4
3,41.22,48.91,Low,2,5,48.88,51.87
1,12.83,27.44,Medium,3,3,36.32,33.82
2,26.94,26.86,Low,3,3,63.03,61.62
3,42.34,26.62,Low,16,1,98.2,96.95
1,15.02,48.02,Medium,0,1,21.4,23.48
3,37.92,45.27,High,18,3,81.82,78.98
1,17.66,33.29,High,10,5,52.41,51.84
2,26.93,49.51,Low,3,5,33.77,34.13
1,17.36,25.85,Low,7,3,36.26,38.38
3,35.66,30.62,High,16,4,111.14,113.4
1,13.64,30.68,High,16,1,43.01,42.98
3,41.37,41.56,Medium,19,6,73.88,74.02
3,41.24,25.93,Low,10,0,93.27,94.17
3,44.43,35.61,High,7,6,117.94,120.87
1,12.27,34.65,Low,7,6,19.82,21.56
3,32.75,41.87,High,19,5,76.41,73.9
2,28.62,38.0,Medium,12,2,58.36,58.44
1,16.21,52.16,Medium,20,4,21.39,22.52
2,22.83,32.6,Low,1,1,38.56,41.45
1,13.78,36.98,Low,20,5,25.96,24.14
1,17.76,27.82,Low,13,2,39.42,38.51
1,17.26,49.28,Medium,6,1,23.99,25.24
3,36.88,32.32,Low,20,4,68.16,68.38
3,32.22,42.98,Medium,6,6,57.48,55.95
1,15.22,40.26,Low,12,6,21.34,21.27
3,32.84,50.65,Low,2,6,40.21,40.24
1,14.93,25.18,Medium,5,0,44.28,42.8
3,37.94,26.99,Medium,5,3,107.38,104.82
1,15.67,43.6,Low,2,5,17.72,19.6
1,14.15,54.83,High,8,6,23.91,23.21
2,25.11,34.81,Low,11,0,43.01,42.13
2,24.67,39.73,High,7,5,56.48,59.26
1,14.3,50.8,Low,22,2,15.72,16.45
2,27.1,47.1,Medium,11,3,40.44,42.62
1,14.3,34.77,Low,6,6,24.34,25.1
3,42.51,47.4,Low,10,4,51.05,52.18
1,12.33,43.68,High,11,6,23.27,25.26
3,43.66,31.75,Low,5,4,79.9,82.0
2,24.15,52.07,Medium,4,4,35.64,35.97
2,22.52,34.54,High,16,0,65.83,62.84
3,34.81,31.83,High,8,2,106.22,106.53
3,38.75,43.93,Low,14,5,54.31,51.39
2,27.6,34.62,Low,5,3,45.9,45.86
1,12.29,53.85,High,4,1,25.13,23.16
3,36.53,30.07,Low,4,5,69.39,71.68
3,31.18,48.74,Medium,7,5,45.26,47.01
3,44.2,32.56,High,8,2,126.87,128.79
3,30.71,30.14,Medium,7,6,79.24,77.65
3,42.6,41.38,Low,23,2,60.06,62.17
3,33.68,52.18,Medium,16,4,50.59,49.08
2,29.69,47.83,Medium,12,1,46.92,45.51
3,32.08,53.89,Medium,20,2,45.41,43.7
1,15.23,39.22,High,8,2,40.17,38.24
1,15.53,51.06,High,4,0,31.07,31.11
1,15.42,36.09,Low,4,3,22.5,24.36
2,22.95,31.84,Low,8,3,46.59,44.93
1,13.67,51.25,Low,5,1,17.14,17.77
3,32.83,46.75,Medium,5,3,50.93,51.43
1,14.51,26.49,Low,5,3,36.39,34.19
3,41.81,27.2,Medium,21,6,115.69,116.76
3,38.2,26.68,High,11,3,132.7,135.58
3,41.14,42.36,Low,14,4,57.4,59.76
3,36.95,53.71,Low,14,0,42.97,41.77
2,22.65,46.7,Medium,9,6,38.98,37.19
3,38.19,54.23,Low,11,1,40.35,42.61
2,29.78,36.17,High,6,2,78.65,77.67
2,23.69,35.47,Low,0,5,38.62,41.0
1,12.61,34.56,Low,21,5,25.49,22.8
1,16.98,33.12,Low,5,2,35.27,32.35
2,27.7,32.48,Medium,16,6,66.33,64.79
3,36.49,46.81,Medium,14,4,56.82,57.88
1,17.18,40.06,Low,21,5,23.88,25.2
3,33.04,27.69,Low,15,0,70.56,70.26
1,14.54,54.31,High,5,3,25.49,24.84
3,41.17,26.91,Medium,16,5,116.16,114.82
3,39.29,43.14,High,18,4,91.38,88.67
2,21.31,34.69,High,9,0,57.01,59.04
1,17.32,27.42,High,7,0,61.64,60.49
3,31.96,53.51,Low,23,4,35.46,35.86
2,24.13,52.59,Low,13,0,28.52,26.4
3,36.73,37.22,High,16,1,93.29,95.31
3,32.5,47.66,High,3,5,64.41,67.22
1,17.64,44.24,Medium,16,6,27.01,28.58
3,44.25,53.83,High,16,5,79.92,77.21
1,14.9,28.86,High,4,5,51.23,48.24
1,17.83,32.34,Medium,6,1,42.97,40.76
1,13.91,34.27,High,20,1,39.45,39.84
1,12.82,33.01,Medium,12,0,25.39,28.06
2,23.85,25.59,High,13,2,86.55,88.58
2,26.07,47.43,Medium,7,3,42.94,41.61
1,13.69,49.45,Medium,10,3,18.26,19.47
3,30.48,45.93,High,9,3,62.47,62.43
3,38.19,47.24,Medium,1,0,58.93,58.65
3,41.03,28.5,Low,2,6,85.1,87.52
2,20.0,30.15,Low,20,3,38.64,39.66
3,32.81,47.28,Low,14,3,43.9,41.81
1,16.64,26.91,Medium,19,5,48.26,47.14
3,37.7,26.81,Medium,0,2,105.03,106.14
1,17.49,37.25,Low,19,2,31.47,29.13
1,14.43,37.98,Low,18,0,24.29,24.11
3,40.59,25.27,Medium,9,4,116.27,119.09
3,31.0,30.49,High,19,6,97.02,96.95
1,12.59,27.03,High,18,5,45.98,46.25
1,17.39,51.06,High,8,2,32.32,31.54
1,16.53,33.83,High,7,6,47.87,48.64
2,24.85,49.66,Low,21,3,30.45,31.58
1,14.11,37.95,Low,15,6,24.18,21.56
2,26.75,34.82,Medium,20,3,59.5,59.4
1,16.57,43.28,Low,5,3,21.65,24.62
2,29.09,45.2,High,0,4,58.24,60.33
2,23.91,48.24,Low,14,2,25.29,27.98
3,36.97,41.38,Low,14,5,57.28,54.54
2,27.33,50.34,Medium,1,4,38.51,39.88
1,17.15,41.18,Low,0,1,23.9,24.21
3,41.58,44.61,Medium,16,3,66.3,68.45
2,29.45,43.76,Medium,8,4,52.68,51.53
2,20.7,32.71,Low,13,4,39.7,38.09
1,12.64,30.83,Medium,16,4,33.2,31.09
1,12.9,50.78,Medium,7,2,18.63,19.41
2,21.01,53.29,High,19,3,38.88,37.65
1,15.29,38.09,Medium,18,1,28.64,28.48
3,31.53,35.77,Low,7,5,54.08,51.19
1,13.46,40.09,Medium,13,2,26.18,26.59
3,44.71,45.18,Medium,12,4,74.83,75.81
3,44.42,32.5,Medium,4,6,103.22,104.13
1,14.48,32.93,Low,18,6,25.8,26.19
1,12.83,27.2,Medium,18,0,38.13,36.16
1,17.85,41.01,Low,22,6,29.82,27.45
3,30.88,36.32,High,9,5,83.1,81.76
2,23.19,45.94,High,7,4,48.86,49.01
2,26.56,26.2,Medium,7,2,75.45,74.2
3,40.99,30.33,Low,20,4,82.35,80.33
3,40.05,31.31,Low,18,2,75.64,77.74
2,23.15,27.74,Low,1,0,53.14,51.17
1,12.53,50.89,High,19,5,22.8,23.9
3,34.14,42.92,Medium,2,1,60.85,58.93
1,17.62,52.16,Medium,22,5,26.65,27.31
1,13.22,40.79,Low,21,5,20.75,21.35
2,21.6,36.55,Low,9,5,37.8,35.93
3,41.33,50.05,Medium,2,5,62.71,60.05
2,28.21,44.23,Low,14,0,35.74,37.78
3,35.6,46.65,High,23,0,73.8,71.42
3,35.2,28.19,Medium,13,1,90.55,92.41
2,28.14,27.84,Low,12,3,58.62,61.32
1,16.38,53.3,Low,5,0,16.36,18.43
2,22.86,54.79,High,14,3,40.43,39.85
3,34.34,31.46,High,7,3,102.93,105.06
2,25.4,46.58,High,9,1,49.52,51.95
3,40.8,32.88,High,17,5,119.91,119.45
2,27.18,54.13,Low,10,2,26.5,29.49
3,35.22,27.62,High,19,6,120.9,121.73
2,24.1,29.61,Medium,2,3,62.33,61.72
2,22.82,31.87,Low,19,4,42.36,44.84
1,12.48,37.69,High,18,6,32.29,33.63
3,33.97,53.37,Medium,6,4,48.43,46.69
1,15.73,42.33,Low,14,3,22.46,23.75
2,28.43,26.53,Medium,22,3,82.32,81.26
3,34.98,33.09,Medium,15,6,81.8,79.73
3,44.55,48.31,Low,5,4,57.61,55.5
3,34.29,48.63,High,6,0,69.68,67.11
3,43.28,46.56,High,8,2,91.74,90.53
1,14.19,48.68,Medium,4,2,23.68,22.04
3,40.57,26.34,Medium,7,1,117.06,116.65
1,15.04,40.82,High,8,0,37.36,37.2
2,21.36,40.89,Medium,6,2,38.03,39.3
3,31.29,34.46,Medium,1,5,69.22,67.68
3,33.91,27.09,Low,1,3,77.4,75.2
2,21.96,25.21,Medium,17,1,68.4,66.93
2,26.29,42.6,High,9,6,60.29,57.33
2,25.2,51.02,Medium,17,3,33.61,36.27
2,24.61,33.6,Low,5,6,44.77,44.11
1,14.7,53.99,Low,23,6,11.86,14.62
2,20.92,34.06,Low,17,6,36.13,36.67
1,14.41,50.23,Medium,0,3,21.98,20.08
3,42.87,51.27,Medium,20,6,64.93,63.8
3,34.51,33.91,Medium,15,6,78.43,75.94
3,35.5,47.87,High,19,3,71.01,71.18
3,42.24,27.0,High,16,0,152.04,149.27
2,21.94,36.0,Low,7,3,35.48,37.59
2,21.89,31.1,Medium,6,4,53.98,54.3
3,37.11,50.12,Low,15,3,41.26,43.95
3,32.4,38.62,Low,15,0,49.49,51.91
2,21.61,54.36,Medium,7,0,32.16,30.93
2,20.61,28.29,Low,21,6,40.34,42.59
2,29.65,30.32,Low,5,5,59.99,57.58
3,41.87,46.51,High,18,5,86.84,85.78
1,14.12,49.54,Low,0,6,18.8,16.53
2,22.87,38.84,Low,7,3,35.75,36.25
2,29.82,42.98,High,16,2,64.83,66.48
1,15.02,53.41,Medium,18,3,19.07,21.64
2,20.05,36.74,Low,7,1,34.28,33.34
2,29.03,39.74,Low,13,1,47.74,45.16
3,32.43,53.68,Low,20,5,37.95,38.03
3,37.75,43.46,High,19,4,80.42,83.07
1,17.52,27.86,Low,12,1,38.21,36.0
3,36.62,42.03,Low,23,4,56.54,53.85
3,42.42,40.99,Low,9,5,66.42,63.97
3,44.74,29.28,Low,21,6,93.22,91.79
1,15.91,42.17,Low,2,5,25.34,22.84
2,20.81,25.45,High,14,2,78.66,76.76
1,17.83,41.62,High,10,4,38.26,39.53
2,21.19,54.34,Medium,4,4,27.91,27.94
3,34.31,33.96,High,8,5,99.53,96.92
2,25.55,38.11,High,1,1,64.3,64.71
1,12.51,46.78,Medium,6,0,18.97,21.56
3,36.23,46.16,High,2,2,73.04,74.72
1,12.79,40.34,Medium,14,3,28.28,25.39
3,40.69,40.49,Medium,20,1,78.52,76.2
2,21.54,28.22,Low,15,5,47.65,45.23
3,36.6,35.98,Low,2,5,60.57,60.97
3,40.74,44.2,Low,2,5,54.96,56.9
2,21.53,44.4,Low,20,2,24.79,27.53
1,15.82,52.41,Medium,8,0,21.5,23.19
3,33.98,27.36,High,17,6,119.5,117.45
3,38.51,28.29,Low,0,0,82.05,83.57
2,21.7,33.11,Medium,19,3,52.85,50.11
1,16.17,40.52,Low,22,5,21.31,22.67
3,35.73,46.5,Low,8,3,47.49,46.21
1,14.75,43.85,Medium,9,0,21.05,23.56
2,20.0,29.82,Low,6,5,40.79,40.09
1,17.66,39.45,Medium,1,1,31.84,34.8
3,31.7,25.27,High,8,5,119.31,121.21
1,12.35,51.58,Low,6,4,15.46,14.62
1,12.96,42.18,High,17,0,28.74,27.88
3,42.68,42.73,Low,21,4,57.29,60.06
3,39.28,32.41,Medium,18,0,91.14,91.4
2,27.73,26.65,High,8,5,100.66,98.39
3,43.19,47.47,High,13,1,90.96,88.71
1,15.08,54.96,Low,23,1,17.54,16.08
1,13.54,36.12,Low,20,5,22.1,21.67
3,34.77,34.93,High,12,3,94.31,95.25
1,12.84,45.01,Low,12,2,13.56,16.16
1,17.38,45.46,High,4,0,35.81,34.74
1,15.48,35.48,Low,20,0,23.85,26.44
2,26.14,32.9,Medium,6,6,61.55,60.7
3,30.72,43.07,Low,20,6,40.86,41.88
3,30.19,29.71,Medium,22,3,73.3,74.37
1,13.29,31.59,Low,6,0,26.63,24.46
3,33.98,48.86,Medium,8,4,52.44,52.64
1,13.28,51.06,Low,11,6,13.55,15.44
3,38.36,52.21,Low,2,4,48.3,45.51
2,29.12,32.42,Low,22,1,55.44,53.99
1,15.64,42.28,Low,12,1,18.38,20.36
1,13.2,42.05,High,7,6,33.57,30.59
3,33.05,32.41,Low,19,5,62.1,61.63
1,13.91,49.03,High,21,2,29.99,28.76
2,21.21,31.42,Low,22,3,41.49,38.69
2,24.22,33.09,Low,14,5,41.97,44.65
3,36.6,38.79,High,15,2,92.68,89.92
1,15.98,44.97,Medium,19,3,29.18,26.94
1,16.84,49.08,High,22,4,33.7,34.47
3,35.83,36.39,High,21,2,91.99,93.26
2,29.68,29.5,Low,13,4,58.94,60.11
1,14.34,25.95,High,9,0,51.19,52.56
2,20.32,27.1,Medium,10,5,59.42,57.81
3,36.84,29.03,High,16,3,123.71,120.84
2,29.48,38.33,High,1,0,78.01,75.17
1,12.02,43.09,Medium,14,4,19.67,21.79
1,15.94,29.93,Low,4,6,32.8,30.95
3,37.0,28.5,Low,1,4,79.3,79.21
1,13.55,52.72,Medium,19,3,23.48,21.2
3,42.32,28.73,Low,11,6,90.22,87.29
1,16.96,39.48,Medium,18,3,30.78,30.76
2,24.24,29.92,Low,6,1,47.55,48.2
1,14.61,40.57,Low,17,2,24.23,22.71
3,41.74,28.97,High,16,3,137.74,139.82
2,29.21,28.79,Low,15,3,60.33,61.67
1,15.17,54.44,Low,0,4,18.12,16.15
3,35.43,26.95,Medium,9,2,99.9,100.52
2,25.72,42.67,Low,0,5,32.44,35.26
3,42.82,53.35,Low,14,3,50.21,48.9
2,25.61,42.19,High,23,5,57.52,57.7
3,31.99,54.45,Low,0,0,33.77,34.49
2,24.82,32.86,Low,15,3,43.99,43.76
2,20.98,53.72,Medium,8,6,33.16,30.77
1,15.41,48.05,High,16,3,32.73,31.46
2,29.16,28.03,Medium,14,2,73.98,76.35
1,12.08,52.02,Low,22,1,11.67,12.55
2,20.42,49.06,High,9,3,39.18,39.61
3,41.83,36.03,Low,8,1,70.0,68.05
3,42.94,45.06,Low,23,4,57.58,55.25
1,17.18,49.7,Low,1,0,21.55,21.48
1,16.06,35.68,Low,22,0,30.26,28.11
1,14.31,42.38,High,17,1,35.59,34.16
3,34.4,46.63,Low,12,2,42.09,44.92
3,38.04,41.2,High,16,1,91.17,90.1
2,24.08,40.07,Medium,19,2,47.26,46.8
2,20.57,30.25,Low,14,2,42.33,41.63
2,26.96,26.24,Medium,12,4,78.82,75.9
1,12.79,35.37,Low,21,5,24.1,22.28
2,21.49,32.26,High,19,6,64.65,63.89
2,28.71,44.46,High,14,3,62.94,62.5
3,31.59,38.64,Medium,2,3,61.92,60.14
2,22.52,48.78,Low,21,1,27.29,27.01
1,14.13,45.01,Low,15,5,17.26,18.97
2,23.99,54.62,Low,1,4,25.5,25.32
3,42.59,41.93,Low,9,5,58.7,60.33
3,37.16,33.47,Low,3,0,65.44,68.03
3,31.01,41.83,Medium,6,5,57.98,57.54
1,17.3,45.17,High,8,6,33.07,35.67
2,28.68,35.03,Medium,18,6,57.6,60.0
2,29.73,38.63,High,5,1,71.59,73.89
3,34.11,51.47,High,13,6,65.76,63.11
1,15.26,50.34,Low,3,4,19.38,17.79
3,32.23,27.24,Low,17,0,67.63,69.0
2,22.38,44.23,Low,23,4,30.8,29.91
3,43.03,41.6,Low,1,6,60.22,61.94
2,28.8,25.84,Medium,7,0,83.19,81.96
1,13.82,29.25,Medium,10,4,35.15,33.82
3,38.67,35.92,High,14,1,101.31,101.67
3,35.45,34.14,Low,12,0,60.21,60.38
3,41.28,45.46,Low,21,0,53.92,52.81
3,39.81,35.24,High,19,2,109.29,106.65
1,13.6,45.22,Low,21,3,17.67,19.74
1,14.82,30.13,Low,6,6,28.49,28.69
1,14.03,28.83,Low,4,3,24.9,27.38
1,14.4,53.96,High,11,5,20.92,23.82
1,17.93,35.34,Low,16,1,28.98,31.04
1,17.01,37.85,Low,21,4,25.84,25.69
1,12.61,46.76,Medium,16,1,21.24,21.21
3,41.37,49.67,Low,11,5,49.96,50.07
1,15.12,35.17,Low,0,0,28.69,25.77
1,14.9,48.26,High,16,2,27.97,29.4
1,16.48,44.33,High,9,1,37.38,36.94
3,36.95,31.23,Medium,23,1,90.06,89.83
3,32.1,28.06,High,16,2,108.36,109.11
2,28.61,25.21,Medium,20,1,85.93,84.76
3,42.93,45.7,Medium,18,1,71.93,71.49
2,29.65,29.43,Medium,20,6,74.84,76.3
2,28.37,40.36,Low,19,2,43.93,41.93
2,27.04,37.7,Medium,17,4,51.17,52.88
3,36.57,42.56,High,4,2,85.46,82.91
2,28.0,40.97,Medium,8,6,50.81,50.34
1,17.12,50.17,Medium,8,6,24.31,24.21
1,13.81,27.6,Medium,5,0,35.4,37.96
3,40.02,25.27,Low,13,5,91.61,93.71
2,23.63,34.89,High,4,6,66.04,65.22
1,12.17,36.6,Medium,1,2,26.47,23.65
2,29.52,28.16,Low,0,0,65.6,64.44
2,23.38,53.0,Medium,23,4,33.85,32.84
1,16.17,43.62,Medium,7,4,26.96,26.82
3,44.1,26.0,High,16,1,158.76,161.24
3,32.92,33.49,Low,14,0,56.07,57.48
1,13.08,46.81,High,9,4,30.67,28.25
3,36.9,53.41,High,12,6,67.95,66.78
1,15.56,28.79,Low,23,1,30.08,31.27
3,40.75,36.8,High,11,6,103.94,106.86
2,21.28,36.68,Low,23,4,32.52,33.35
2,24.02,42.97,Low,20,1,34.51,34.04
1,16.75,30.62,Low,12,1,33.42,33.18
3,32.43,44.79,Low,8,2,46.06,44.21
3,31.5,32.65,Medium,14,4,74.47,73.91
1,14.86,28.64,Low,11,5,32.22,29.88
2,29.82,46.35,Medium,9,5,44.67,46.85
1,13.97,27.19,Low,5,4,29.99,30.67
2,26.72,42.81,Medium,6,4,44.65,46.89
2,29.55,35.45,Medium,21,0,63.42,62.28
2,28.33,53.98,Medium,21,1,41.73,40.58
2,27.22,31.32,Low,13,5,52.62,50.58
3,40.01,27.35,Medium,10,5,106.03,108.91
2,20.19,44.9,High,1,3,45.14,44.93
2,27.72,34.28,Low,0,5,52.85,50.2
3,35.5,38.12,High,19,3,91.5,89.02
3,36.73,35.15,High,10,5,99.67,100.52
1,12.73,25.61,Low,2,6,26.41,29.18
2,27.3,42.48,Medium,8,6,47.5,48.38
1,17.54,37.98,High,11,2,47.7,46.08
1,16.97,51.85,Low,14,4,18.34,19.55
2,26.43,32.06,Low,5,6,52.17,51.17
1,16.24,26.51,Low,11,5,40.08,38.65
2,20.73,28.21,Low,17,3,40.12,42.49
3,44.75,45.94,High,2,6,94.97,93.05
3,34.9,25.58,High,6,6,133.69,130.94
1,15.07,34.08,Low,20,4,25.9,27.66
1,16.37,27.78,Medium,14,3,46.64,43.72
3,30.78,43.47,High,3,4,66.93,69.18
3,34.95,47.9,High,11,0,71.21,70.9
3,34.75,25.7,High,22,6,128.17,127.96
3,40.47,33.39,Medium,18,4,87.26,89.97
3,35.7,29.58,Low,13,3,70.55,73.55
1,16.45,47.89,Low,11,1,21.07,22.38
3,44.39,48.43,Low,13,6,53.45,56.26
2,21.75,45.74,Low,1,5,31.64,28.86
3,32.26,45.64,Medium,12,3,53.71,53.67
3,36.71,26.78,Low,0,2,84.54,84.25
3,38.47,43.76,High,16,1,84.42,84.25
3,31.5,52.12,High,9,0,57.21,56.32
1,15.96,46.38,Low,2,2,23.64,22.31
1,13.83,36.41,High,18,2,37.28,36.72
3,31.71,50.51,Low,16,6,39.66,38.94
1,15.16,42.27,Medium,18,4,22.16,24.98
1,15.37,28.62,High,0,6,48.78,51.36
1,16.41,28.47,High,6,5,51.52,54.29
3,36.02,54.46,Medium,8,0,49.03,51.09
2,24.03,47.78,Low,20,2,32.91,31.59
2,20.61,46.01,Low,14,6,28.38,28.67
1,17.34,51.51,Low,14,1,22.85,20.54
2,26.31,49.17,Medium,18,3,39.56,38.6
1,14.33,38.94,Medium,11,5,28.65,26.29
2,26.9,30.36,Medium,20,0,68.59,67.92
3,41.94,29.42,Medium,5,2,105.56,106.82
2,23.9,40.61,Medium,16,6,44.36,45.33
1,16.77,39.87,High,20,6,41.05,40.77
1,12.86,54.54,Medium,23,1,19.81,19.15
3,33.82,25.99,High,19,2,127.01,125.79
1,12.35,41.05,High,18,1,31.8,29.04
1,17.18,40.01,Medium,16,4,36.21,33.65
3,38.67,34.41,Medium,22,0,86.14,83.41
2,24.92,41.82,Medium,10,3,47.97,46.0
2,25.88,36.62,Low,11,6,43.68,43.91
3,30.25,46.81,Medium,2,0,49.21,49.87
3,35.08,46.42,High,3,3,74.22,72.28
1,12.22,35.76,Low,11,4,22.52,21.33
3,42.03,31.61,High,13,5,129.44,129.41
2,24.3,38.52,Medium,18,2,46.45,47.95
2,28.4,27.36,Low,0,5,58.31,61.24
1,13.28,30.23,Low,12,2,26.1,27.15
1,13.26,43.7,Low,2,2,15.83,16.94
1,15.25,51.43,Low,12,2,15.38,16.61
1,12.43,27.94,Medium,21,0,31.3,32.2
3,38.35,39.6,Medium,23,1,72.5,72.9
3,32.71,28.14,Low,1,1,71.47,69.11
3,36.81,27.59,High,1,1,126.82,126.9
1,15.65,26.61,Low,20,0,37.49,34.74
3,38.84,46.78,High,4,3,82.28,79.59
1,12.76,51.2,Medium,14,5,17.52,17.59
1,15.22,34.13,High,17,4,41.06,43.4
1,13.29,25.08,High,10,5,48.17,49.22
3,44.26,47.94,Low,5,4,53.13,53.49
1,13.11,52.47,Medium,19,4,20.98,19.74
1,16.21,47.68,Low,4,6,17.69,19.34
1,13.71,47.79,High,7,5,27.33,27.77
1,15.41,40.32,High,23,3,34.75,37.01
2,24.33,25.93,Medium,6,3,72.46,71.81
2,20.7,30.8,Medium,9,0,51.11,51.52
2,21.23,52.18,Medium,11,6,31.56,28.88
1,16.17,53.19,Medium,17,3,23.73,24.7
3,44.27,45.74,Medium,18,1,74.82,72.65
1,13.68,48.88,Medium,1,1,17.35,19.15
2,26.76,27.59,Medium,20,0,72.18,72.18
1,17.97,39.02,Low,23,6,26.02,28.48
2,20.44,54.33,Low,4,1,24.97,22.22
3,36.04,49.77,Medium,9,4,58.56,56.3
2,23.59,34.0,Medium,3,2,54.01,53.77
1,17.39,35.63,Low,4,6,31.52,28.84
1,16.82,46.71,Low,16,2,24.01,22.62
3,39.58,40.0,Medium,10,4,72.86,75.7
1,17.0,32.55,Low,15,1,30.48,30.75
1,13.37,29.32,High,7,3,44.48,42.65
2,21.01,27.81,Low,15,6,45.08,43.34
3,39.32,45.1,Low,0,4,54.37,52.44
3,30.8,38.41,Low,1,6,44.41,47.34
3,34.92,37.06,High,19,2,87.35,89.3
2,28.83,36.34,High,14,0,80.02,77.82
3,43.36,32.32,Medium,11,3,98.42,99.92
3,37.82,51.8,High,9,2,69.29,68.58
2,21.56,28.71,Medium,13,0,52.98,54.54
2,24.6,54.29,High,18,6,44.46,42.66
3,30.68,26.83,High,5,1,113.18,111.43
3,41.93,35.77,Medium,1,0,90.05,88.28
3,32.96,25.98,High,22,5,120.7,120.05
3,30.56,52.67,High,2,5,56.58,55.8
1,14.73,44.39,High,5,1,29.38,30.12
3,44.73,42.36,Medium,7,4,77.06,78.08
1,13.92,34.15,Medium,1,2,32.5,31.74
1,13.7,25.46,Low,1,0,34.46,34.23
1,17.29,40.81,Medium,10,0,35.97,33.51
3,42.93,29.68,Low,11,3,83.98,85.74
2,25.87,40.99,High,23,0,57.31,59.95
1,12.76,49.84,Low,15,2,15.22,17.19
1,15.93,47.28,Low,6,0,22.77,21.73
2,29.95,44.58,Medium,3,4,51.31,50.58
3,42.1,39.66,Medium,3,3,81.16,78.18
1,14.59,46.27,Low,15,6,18.41,20.8
1,16.7,43.91,High,18,2,36.96,36.91
2,29.41,52.71,Medium,3,3,39.3,41.14
3,38.68,25.12,Medium,3,0,113.86,115.7
3,40.32,45.3,Medium,1,6,64.74,65.97
2,21.79,45.18,Medium,19,5,33.54,35.13
1,17.31,35.69,Medium,16,0,34.8,37.68
3,30.03,40.31,Low,13,2,47.22,45.23
2,28.27,47.48,High,12,4,54.79,57.19
3,38.24,30.48,Low,15,1,72.51,74.76
1,17.44,54.77,Low,14,1,21.33,19.11
2,26.79,37.52,High,11,6,65.77,66.75
2,22.13,31.01,Low,11,0,46.2,44.76
1,14.67,53.78,Medium,4,3,19.65,18.57
1,14.52,37.27,High,22,4,36.51,35.89
2,21.86,36.34,Medium,22,5,42.87,44.21
1,15.56,53.04,Medium,19,3,21.77,23.92
3,36.11,34.4,High,2,3,101.48,100.31
1,17.47,39.76,Low,4,0,30.17,27.22
1,12.48,53.19,Low,10,0,17.9,16.05
3,31.4,28.47,Medium,14,0,84.28,81.31
3,31.68,42.67,Medium,18,4,53.7,54.25
3,32.86,34.9,Low,5,2,55.71,55.12
3,34.78,35.21,Low,3,1,55.17,58.09
2,20.65,29.58,Low,20,6,42.92,41.87
1,15.9,26.29,Medium,11,6,45.5,46.05
1,15.95,42.14,Low,4,5,20.95,20.8
2,29.12,53.52,Low,18,3,34.56,33.22
3,36.54,37.32,Low,4,5,59.47,57.75
3,44.32,29.81,Low,6,6,91.55,89.29
3,32.08,34.6,Medium,0,1,70.4,68.85
2,24.87,35.55,Medium,0,5,50.91,50.59
1,14.79,29.26,High,18,3,48.76,46.66
3,44.84,39.98,Low,0,4,67.35,69.25
1,17.06,50.52,Medium,0,4,26.02,24.45
1,12.93,52.87,Medium,1,3,18.91,18.84
1,13.48,50.44,Low,14,0,12.32,14.75
1,16.91,32.48,High,12,1,53.97,51.65
1,17.06,37.97,Low,14,3,28.24,25.41
1,17.13,42.12,Medium,14,4,33.69,31.13
1,15.54,33.51,Medium,23,6,34.04,35.5
3,32.25,44.03,Low,22,2,45.27,43.33
1,12.73,42.26,Low,15,5,15.72,16.11
2,28.18,42.88,Low,3,3,39.47,38.64
2,27.91,32.54,Low,7,3,50.84,52.67
1,16.72,30.77,Medium,23,2,40.11,40.68
2,21.68,29.07,Medium,20,1,53.73,54.38
2,29.7,40.66,Low,18,5,40.49,42.67
1,17.34,30.94,Low,15,0,35.71,34.9
3,35.02,36.05,Low,5,4,62.92,60.24
1,12.5,53.44,Low,7,4,11.68,12.18
1,12.77,33.94,High,18,0,34.04,34.13
3,32.38,37.79,High,23,1,84.15,81.49
3,32.21,36.23,Medium,14,3,63.4,65.56
3,37.68,53.81,Low,5,5,41.84,43.43
3,30.36,37.0,Low,12,3,49.04,50.69
3,34.24,44.35,Low,9,6,49.96,47.94
1,16.76,44.8,Low,10,6,20.12,20.73
2,20.73,33.64,Low,16,4,36.2,37.62
2,29.72,37.05,Low,17,0,45.51,47.8
3,35.19,51.8,Low,2,6,40.7,41.12
2,29.73,34.11,High,21,6,86.41,84.19
2,28.19,36.09,Low,10,4,47.58,46.77
1,14.69,31.92,Low,8,1,24.93,26.22
3,35.15,47.32,Medium,8,3,57.25,54.58
3,44.53,32.64,High,8,6,127.32,129.18
1,16.52,41.12,Low,21,1,21.76,24.25
1,16.63,51.01,Low,11,2,19.63,20.44
1,15.58,45.04,Medium,19,4,26.51,27.22
1,15.6,30.72,Medium,7,0,35.17,37.33
1,15.81,53.53,Medium,9,2,23.07,20.28
1,12.94,44.54,Medium,18,2,20.19,22.85
3,35.57,25.09,High,21,0,135.85,138.08
1,13.79,33.94,High,18,6,42.02,40.11
2,22.99,37.02,Medium,16,6,48.46,46.75
2,25.55,25.46,Low,6,3,61.1,59.54
2,23.77,45.09,Low,0,0,29.65,30.48
2,26.3,38.66,Low,3,2,36.72,38.94
1,14.6,32.8,Medium,13,6,29.74,31.82
2,29.26,44.31,High,19,2,65.09,63.74
1,14.24,41.49,Low,4,6,23.57,22.08
2,26.97,33.97,Medium,21,0,56.42,58.69
2,24.83,53.65,Medium,4,0,36.06,34.69
1,12.03,44.05,High,16,2,23.92,24.43
2,23.1,47.36,Low,23,4,29.41,29.51
1,16.1,37.63,Medium,1,5,30.02,32.68
2,27.23,35.63,High,18,4,71.51,73.88
3,40.23,52.11,Low,12,6,46.38,44.66
3,44.47,25.64,High,19,0,169.16,167.27
1,14.64,34.51,Low,12,2,25.53,23.55
1,12.11,36.63,Medium,19,4,21.99,22.86
2,28.53,48.27,Low,5,4,34.33,35.91
3,39.74,54.25,Low,23,5,41.23,43.62
1,14.93,53.5,Medium,10,0,17.77,19.62
1,15.47,41.85,Medium,15,5,24.17,26.06
2,21.45,34.8,Low,6,6,39.87,38.71
2,21.55,36.31,Low,2,2,36.5,35.17
2,24.93,37.17,Medium,10,0,48.36,48.72
2,20.24,30.43,High,19,2,61.36,63.31
1,14.25,31.47,Low,3,3,29.08,28.56
2,24.28,54.08,Low,14,6,24.27,25.78
1,14.41,31.33,Medium,5,4,33.79,33.45
3,41.29,34.47,High,18,4,114.65,114.32
2,21.12,53.12,Medium,23,6,28.63,29.63
1,14.48,40.88,High,11,2,32.91,34.01
3,34.62,54.16,High,16,6,59.52,61.11
3,39.79,39.36,Low,21,3,58.41,59.56
2,29.46,45.25,High,16,2,60.73,62.81
2,25.73,44.07,Low,20,1,33.79,34.59
3,37.25,38.97,Low,13,4,59.31,56.57
3,35.83,41.18,High,22,5,82.87,84.87
1,14.93,49.75,High,1,6,30.37,28.92
3,42.45,41.47,Low,22,5,61.37,62.84
2,26.9,37.88,Medium,18,3,53.98,53.49
2,22.96,39.19,Medium,12,2,44.29,44.3
3,33.29,25.11,High,9,2,128.34,125.44
3,36.77,48.81,Medium,8,4,56.05,55.55
3,44.59,31.28,High,19,6,137.21,134.99
2,20.33,49.86,Medium,21,3,31.77,31.66
1,13.05,29.29,High,22,4,44.54,42.61
2,25.23,49.95,Low,21,5,30.08,29.45
1,15.12,45.51,Low,22,5,22.49,19.62
3,39.06,44.93,High,16,0,81.03,83.07
3,33.28,45.12,Low,13,6,47.09,46.08
3,39.52,43.31,High,9,6,86.32,86.98
2,20.13,49.77,Medium,23,3,30.88,29.37
1,14.39,50.76,Low,21,0,14.82,15.5
3,42.63,27.06,Low,4,0,94.95,96.08
3,35.59,25.17,Medium,22,4,105.05,106.5
3,38.44,47.01,Medium,21,0,57.77,59.82
3,41.72,36.44,Medium,8,0,87.09,87.13
1,17.91,48.95,Low,4,6,17.38,20.31
1,17.05,31.37,Low,10,0,32.12,33.51
2,28.49,45.14,Low,6,3,35.39,37.33
1,13.68,46.46,Medium,14,5,21.08,23.88
2,20.66,30.16,Medium,0,5,50.64,51.29
3,30.03,44.96,High,10,4,65.23,63.85
3,41.27,43.78,High,10,6,89.39,88.8
3,36.0,38.73,High,23,0,92.16,89.43
2,21.75,51.0,Medium,9,6,35.0,32.64
3,41.16,39.32,High,15,2,99.06,98.64
3,39.33,26.71,Medium,5,4,110.01,111.95
3,31.34,28.68,Low,4,5,68.32,66.22
1,12.21,48.97,Low,2,3,16.87,16.22
1,16.2,26.47,Medium,14,2,44.16,44.51
1,12.36,29.34,Medium,10,0,33.44,32.84
1,14.66,26.41,Medium,12,3,43.16,40.26
1,17.02,47.73,Medium,8,0,29.96,27.06
1,13.03,42.99,High,3,5,29.41,29.45
1,15.37,36.64,Medium,19,2,31.02,31.4
1,14.14,34.07,Medium,19,2,30.29,30.67
2,20.05,32.88,Low,1,4,33.53,35.59
3,32.96,42.72,Low,10,2,48.72,47.22
2,26.09,40.78,Low,12,2,36.43,38.48
2,27.11,33.9,High,13,2,77.17,78.14
3,33.81,40.34,Medium,18,0,61.98,62.19
3,42.86,29.43,Medium,6,1,111.34,110.53
3,34.01,49.61,High,8,0,63.25,66.08
1,15.72,25.34,Low,15,3,39.32,38.07
2,25.16,44.02,Low,22,2,30.97,33.28
1,16.18,34.27,Low,3,0,29.29,29.79
3,42.33,32.9,Medium,19,1,97.65,95.74
3,36.72,29.2,Low,5,0,74.66,76.23
1,15.76,32.3,Medium,8,0,39.25,36.48
2,23.4,34.39,Medium,16,2,47.69,49.07
3,42.47,46.34,Medium,7,0,68.22,69.27
1,16.88,45.65,Medium,17,3,27.11,26.47
3,44.48,38.63,High,17,2,109.31,108.62
1,17.73,48.48,High,16,6,39.7,36.83
3,33.23,39.52,Low,4,0,48.7,48.86
2,23.65,51.09,Low,8,2,25.39,26.9
2,23.1,52.17,Medium,13,2,30.24,32.73
2,22.67,50.75,Low,21,4,26.63,27.06
1,15.78,36.89,High,19,4,43.41,40.9
1,13.84,38.5,High,0,5,31.94,34.9
1,17.14,47.69,Medium,18,6,25.3,27.44
2,27.13,48.88,High,9,1,54.14,53.75
3,44.62,36.42,Medium,6,1,91.91,92.12
1,16.49,34.19,Medium,19,0,37.33,35.76
2,27.61,43.58,Low,4,1,37.83,36.34
2,22.59,32.99,Low,12,0,42.11,42.73
1,17.6,39.35,Low,22,0,25.21,26.68
3,39.31,52.8,Low,4,6,46.01,44.68
2,24.18,49.19,Medium,6,5,34.82,35.76
3,37.63,46.87,High,21,6,78.95,76.87
3,44.6,37.98,Low,22,4,71.11,72.19
1,12.84,44.11,Medium,16,4,23.94,22.71
1,12.79,49.89,Low,10,0,14.12,16.47
1,12.0,45.68,Low,4,6,19.37,16.47
2,25.41,34.39,Medium,3,4,53.37,55.84
3,35.72,35.1,High,0,2,97.15,98.63
2,29.44,31.89,High,1,3,87.69,89.14
1,12.49,48.56,Low,14,0,10.8,13.57
1,13.84,40.28,High,4,4,32.57,31.57
1,17.92,51.22,High,1,3,34.08,31.76
1,15.06,35.38,Low,8,6,25.76,25.2
2,22.39,46.12,High,9,3,50.78,48.39
2,24.16,54.29,Low,1,6,25.06,25.28
3,41.38,45.08,Low,3,5,57.59,55.09
2,27.85,46.09,High,17,5,56.57,56.64
3,40.16,44.94,Low,15,6,52.6,54.64
2,29.71,47.55,Low,12,0,36.26,35.94
3,32.76,30.12,Low,3,1,62.64,64.58
2,25.93,41.06,Medium,23,5,45.85,46.25
2,28.98,31.24,Low,13,5,58.37,55.55
2,24.44,49.24,Medium,4,4,39.94,38.33
2,22.15,31.89,Medium,18,1,54.61,52.5
3,42.56,33.32,Low,5,5,80.83,78.08
1,16.29,53.66,Low,6,5,18.93,18.74
1,13.33,52.24,Medium,22,5,14.81,17.2
1,15.9,51.19,Medium,8,0,26.74,24.13
3,39.33,37.22,Low,23,3,60.18,62.17
1,15.32,46.35,Low,20,5,19.69,20.35
2,24.16,42.15,Low,22,6,35.24,32.81
3,34.11,39.53,Low,14,3,55.54,52.6
3,40.62,37.22,Medium,18,4,81.38,83.54
3,33.99,27.76,Medium,7,6,93.92,93.4
2,23.48,36.89,Medium,20,1,49.78,48.06
2,22.08,27.47,Medium,19,6,56.85,59.43
1,12.67,34.11,Low,2,0,24.83,22.3
2,20.02,40.2,Medium,9,4,37.23,38.23
2,25.62,47.8,Medium,17,6,40.1,39.51
1,16.0,32.65,Low,14,0,27.67,27.51
1,12.57,38.72,Medium,13,2,22.92,25.5
2,22.39,30.3,Low,0,4,45.85,43.54
1,14.01,32.87,Low,14,1,25.51,25.69
2,25.38,43.23,Medium,11,4,42.73,44.8
3,34.19,53.63,High,14,6,63.19,63.1
1,15.15,30.41,Medium,22,6,33.67,35.72
3,41.32,28.87,High,4,6,132.64,135.45
3,39.16,40.71,Medium,12,2,72.27,72.6
1,15.29,54.68,Low,4,1,15.48,17.14
2,28.63,45.45,Medium,20,5,50.65,48.36
1,12.07,49.45,High,16,4,20.72,23.35
2,22.97,44.65,Medium,8,1,38.12,37.47
2,25.83,29.76,Medium,5,6,64.95,64.52
1,14.69,31.64,Medium,12,1,33.6,35.43
2,28.68,35.0,Medium,9,3,60.67,62.28
3,33.75,30.08,Low,21,4,68.31,66.47
3,40.99,31.77,Medium,20,6,94.76,97.01
1,13.4,44.79,Low,11,3,15.67,17.13
2,20.79,45.46,Medium,6,3,35.06,34.71
3,42.13,49.31,Low,22,2,52.93,50.65
3,33.6,30.92,Medium,8,3,79.66,81.58
1,13.87,52.86,Medium,1,4,17.42,20.24
3,32.01,46.88,Low,17,5,40.21,39.49
1,14.82,30.83,Low,14,2,29.13,27.43
2,25.79,35.42,Medium,4,2,52.47,53.64
3,40.72,42.57,Low,23,3,54.88,57.38
1,16.7,35.89,Low,3,5,30.78,28.65
2,23.15,35.32,High,8,2,63.81,62.69
1,14.79,32.6,Medium,19,1,31.68,32.78
1,13.81,53.5,Low,6,0,16.27,14.14
2,27.93,44.64,High,9,0,62.19,59.36
1,16.93,46.96,High,10,0,31.91,33.41
3,42.96,53.17,High,10,2,80.1,78.47
2,21.78,54.21,Medium,6,5,28.44,30.83
2,28.58,38.01,Medium,10,2,56.34,58.01
2,20.49,52.64,Medium,13,3,29.38,30.65
2,25.43,39.09,Low,6,2,38.53,40.47
1,17.66,31.27,High,14,1,56.43,54.78
1,15.95,45.99,High,9,1,33.3,33.43
2,29.53,37.84,High,21,4,74.37,75.82
3,36.63,38.38,Low,14,4,54.55,55.65
1,14.39,28.97,High,7,1,51.47,49.26
2,22.1,45.56,Medium,3,5,33.43,36.1
1,17.57,45.18,Low,2,3,25.42,22.86
2,27.49,37.66,Low,13,1,44.73,45.27
3,34.95,27.19,Low,1,4,76.45,75.17
1,17.85,53.45,Low,15,6,18.21,20.4
1,12.42,47.93,High,20,1,27.88,25.61
3,32.41,40.22,High,17,5,75.03,77.69
2,26.06,51.34,Low,22,5,26.6,29.16
2,26.98,44.52,Low,0,5,38.45,37.39
1,14.42,41.36,Low,19,4,21.69,21.6
3,42.48,31.16,Medium,19,4,102.19,101.11
1,16.25,47.41,Medium,8,1,25.72,26.77
2,27.78,35.36,High,20,5,75.33,74.94
3,41.2,36.26,Low,22,2,66.45,66.24
2,22.5,34.76,Medium,20,3,43.8,46.73
2,27.21,37.68,Low,8,6,43.31,44.2
2,25.7,28.48,Medium,13,4,67.78,67.91
3,34.47,45.22,Medium,9,5,60.52,58.85
1,16.21,32.58,Medium,18,3,34.87,36.39
1,13.34,34.97,Medium,19,1,26.41,29.37
3,37.88,28.01,Medium,21,0,99.6,99.86
2,29.06,35.75,Medium,16,2,60.47,62.67
3,31.92,49.0,Medium,3,1,50.37,49.51
3,37.28,51.2,Low,0,1,43.87,45.18
3,44.53,45.1,Low,13,6,60.01,60.84
3,39.68,51.65,Medium,18,2,54.06,55.67
1,12.63,41.02,High,5,5,32.75,31.01
3,33.08,34.43,High,15,6,89.52,91.39
2,28.94,53.2,Low,16,0,32.41,32.51
1,16.22,54.35,High,7,4,26.74,27.86
1,12.68,54.78,Low,1,0,14.82,13.73
2,21.59,43.67,High,10,2,47.99,48.61
2,22.57,26.94,Low,5,2,46.6,49.07
1,14.74,46.55,High,8,2,27.49,29.6
2,22.35,30.41,Low,13,6,46.85,45.31
1,12.86,45.08,High,4,1,28.58,28.09
2,27.44,54.96,Low,23,3,30.19,30.74
3,30.94,44.73,Low,4,3,42.15,41.3
2,29.08,54.49,Medium,19,5,39.19,39.71
2,22.79,36.29,High,17,0,62.0,60.9
2,23.6,33.88,High,2,3,64.42,67.17
1,13.99,39.97,High,22,1,34.16,35.32
1,12.75,29.69,Medium,0,3,30.85,33.05
3,33.43,33.51,Low,14,2,59.25,58.64
2,25.65,29.43,Medium,21,2,63.43,65.5
1,15.17,27.44,High,12,2,54.61,54.04
3,36.48,53.42,Low,6,5,37.72,40.23
1,17.88,42.61,Low,23,3,29.02,26.29
3,38.98,49.43,Medium,7,1,57.07,58.01
3,44.81,31.68,High,9,6,135.67,137.31
2,20.85,29.64,Medium,23,0,51.92,50.93
3,42.78,28.41,High,17,6,142.38,143.89
1,14.88,49.9,Low,4,0,18.81,16.45
1,16.23,52.83,High,2,0,31.19,29.24
3,37.2,38.06,Medium,6,6,73.76,73.42
1,12.16,52.88,Medium,12,1,18.78,16.4
3,36.86,52.94,Low,15,1,39.92,42.1
3,41.55,38.93,Medium,12,2,82.33,81.81
3,37.98,42.67,High,18,2,83.36,83.85
3,43.05,31.49,Medium,20,4,102.58,102.54
2,23.88,44.82,High,10,0,50.89,52.78
3,43.72,47.08,High,6,1,88.45,88.61
1,12.14,54.05,Low,20,5,15.76,15.05
1,14.13,38.04,Low,13,2,18.53,21.15
1,16.92,37.27,High,22,5,42.62,45.36
2,22.97,34.91,Low,5,3,40.51,38.22
3,33.92,46.16,High,8,6,71.64,68.81
2,29.0,28.62,Low,15,0,59.29,59.65
2,28.44,43.36,High,8,1,61.83,61.32
2,21.5,28.16,Low,8,4,45.82,47.02
3,36.25,44.97,High,8,2,76.91,76.52
2,26.31,48.69,Medium,21,5,37.07,39.07
1,14.33,34.09,Low,22,0,23.86,24.79
3,36.66,32.49,High,10,4,107.33,106.78
1,13.43,52.87,Medium,10,0,19.28,18.45
2,23.26,53.56,Low,12,4,26.15,27.73
1,17.72,49.18,High,18,6,33.95,35.47
1,16.48,37.56,Low,23,2,25.55,26.95
1,15.68,25.84,Low,20,6,34.63,36.03
3,37.53,46.12,Medium,0,1,63.66,60.89
1,12.83,49.79,Low,6,3,14.77,13.63
1,12.26,34.85,Medium,22,0,26.73,24.73
2,24.16,44.39,Medium,14,3,41.62,39.07
3,40.6,28.25,High,18,3,137.33,136.95
3,42.45,39.91,Low,12,6,64.96,62.62
1,16.32,52.0,Low,23,4,18.27,19.63
2,20.93,28.9,High,6,6,71.3,71.11
1,14.76,53.83,High,13,0,28.23,27.67
2,23.88,44.5,Medium,10,3,37.58,39.15
3,32.0,45.46,Low,15,3,45.07,43.2
1,14.93,49.63,Medium,19,4,23.96,23.94
3,40.15,45.7,Medium,9,2,68.19,67.53
3,37.0,29.73,High,7,1,120.04,118.4
2,26.95,38.27,Low,15,0,39.76,40.9
2,20.84,29.82,Low,7,4,42.47,43.13
3,35.14,50.55,Medium,17,4,52.51,51.12
1,16.27,48.9,High,16,2,33.27,31.91
1,13.92,48.46,Low,22,4,19.46,17.87
3,34.22,53.98,Low,18,1,36.83,36.11
3,40.94,52.58,High,16,1,75.96,74.26
3,33.19,51.07,Low,1,3,37.33,38.38
2,28.39,28.42,Low,0,4,60.19,61.88
1,15.78,39.94,Medium,13,2,30.86,29.16
1,16.49,47.23,High,19,6,34.61,33.5
3,41.1,41.1,High,7,3,95.7,94.98
2,20.97,43.0,Medium,22,6,38.25,36.64
1,13.61,45.72,High,9,5,26.04,27.99
3,43.93,32.03,Medium,4,4,101.58,103.88
3,30.61,32.87,High,8,2,88.44,90.09
1,16.19,53.28,High,9,4,27.07,28.29
2,20.77,48.3,Low,0,6,23.78,25.79
2,28.47,37.26,Medium,19,2,59.55,58.9
2,28.43,27.14,Low,15,3,64.47,62.76
2,25.56,49.95,Medium,1,1,35.99,36.59
2,21.68,34.38,Low,13,5,38.01,36.39
2,28.2,35.11,Low,21,2,50.04,48.08
2,21.84,33.8,Low,13,6,36.6,36.87
1,17.18,53.19,Low,16,4,21.41,18.93
2,21.55,44.81,Medium,1,6,36.2,35.79
3,36.36,37.33,Low,3,2,56.69,58.89
1,17.6,38.89,Medium,23,6,34.53,32.01
2,22.43,32.28,Low,1,5,41.77,40.59
1,14.32,28.59,High,8,1,47.49,49.26
3,30.38,25.69,High,21,5,114.84,114.85
2,23.98,29.92,Low,3,2,52.11,50.02
2,24.04,38.51,Medium,8,2,47.05,46.61
1,14.86,37.59,Low,9,4,24.6,23.27
1,14.3,39.88,Low,21,0,21.96,21.35
2,26.52,33.07,High,16,4,76.33,78.36
1,15.42,47.64,Low,8,2,18.21,19.68
1,12.97,30.02,Low,1,5,21.88,24.6
1,15.05,48.65,Low,4,0,20.2,18.05
2,24.36,38.56,Low,21,0,37.98,38.02
2,22.61,31.4,Low,17,2,45.64,44.62
1,15.35,51.62,High,16,0,27.64,27.46
1,13.48,53.42,High,18,5,22.74,23.16
3,32.01,28.86,High,13,4,106.81,108.13
2,21.9,54.53,Medium,16,5,27.35,29.26
2,26.99,28.54,Low,0,4,56.72,57.98
3,31.08,51.41,High,5,3,58.65,58.19
3,39.35,53.26,Low,8,4,43.19,42.4
1,13.34,42.79,Low,6,6,20.61,17.8
1,12.06,46.5,High,23,6,26.81,24.29
2,20.12,39.32,High,6,0,48.5,50.88
1,13.79,40.36,Medium,4,1,25.64,26.68
1,14.84,28.99,Low,20,3,31.96,29.29
2,29.66,28.62,Medium,9,3,76.21,78.32
1,12.19,26.53,High,2,5,47.6,45.86
1,17.06,36.17,Medium,20,1,32.45,34.75
3,38.22,33.51,Low,22,5,64.22,66.95
1,12.17,47.5,Low,1,3,13.56,16.52
1,12.44,54.52,Low,13,6,12.77,15.41
3,41.09,49.34,Low,20,4,47.44,49.72
2,24.52,51.52,High,4,0,44.17,45.89
3,38.08,38.78,Medium,11,6,73.1,75.15
1,12.68,42.41,High,8,6,29.83,29.29
3,31.88,42.48,High,8,6,74.37,72.81
1,12.3,25.26,Medium,16,0,39.36,37.61
1,16.99,30.98,High,0,5,52.21,54.64
1,16.83,46.78,Medium,19,2,25.42,25.01
2,25.66,29.26,Medium,22,1,66.96,66.63
1,13.0,42.91,Low,0,4,17.05,16.4
2,27.93,48.03,Low,15,2,36.11,35.07
3,30.39,38.84,High,2,0,76.71,75.07
1,13.22,41.42,Low,1,6,17.79,20.78
2,29.45,26.69,Medium,15,2,86.22,84.08
2,21.94,50.73,High,5,6,39.21,41.02
1,12.66,33.68,High,4,3,38.57,36.9
1,14.72,47.4,Low,20,0,22.82,20.54
1,15.0,49.9,High,12,3,27.5,27.22
2,28.56,47.09,Medium,17,0,43.63,44.28
1,14.52,33.64,Medium,23,4,34.94,34.36
1,14.24,48.47,High,4,1,27.29,28.79
3,38.28,47.9,Low,12,6,49.22,48.28
1,14.79,40.74,High,3,6,36.54,35.4
2,23.55,32.67,Medium,8,4,55.55,54.94
3,43.52,46.07,Medium,13,6,74.05,72.24
2,20.47,43.78,Medium,0,3,34.61,35.91
3,31.29,36.84,High,17,2,84.2,83.04
2,26.86,53.1,Low,7,0,34.26,31.91
1,17.68,46.68,High,4,2,37.65,36.46
3,37.77,34.93,High,8,6,107.02,104.84
1,16.98,37.87,Low,0,4,24.88,27.65
3,40.84,27.2,Medium,21,4,113.62,111.83
3,34.69,34.63,High,17,0,98.36,96.29
1,12.39,53.14,High,23,2,19.52,21.39
2,23.41,42.41,Medium,23,3,43.82,42.58
1,15.52,50.19,Medium,8,6,25.27,23.12
3,36.38,50.42,Medium,12,3,53.95,52.74
3,44.26,36.88,High,20,0,118.25,115.4
2,27.12,47.59,Low,10,3,34.2,35.46
3,39.27,46.54,Medium,18,5,59.81,61.65
3,44.56,49.75,Low,6,0,55.37,52.89
3,38.55,28.27,Low,11,3,77.06,79.83
2,23.15,30.91,Low,5,6,44.64,46.18
2,28.25,44.25,Low,11,4,34.6,37.16
1,14.47,49.61,Low,15,3,20.47,18.9
1,16.28,30.19,High,10,1,50.09,50.63
1,13.03,42.58,Low,0,5,22.54,19.7
1,15.87,38.23,Low,13,0,26.04,24.94
2,23.64,38.2,Medium,22,5,46.62,45.21
3,38.02,29.17,Low,18,2,78.71,76.96
3,44.45,31.88,Medium,12,5,103.51,102.85
2,28.65,52.37,Low,0,6,33.28,32.81
1,12.98,29.44,Medium,22,4,31.32,32.01
1,16.54,51.62,High,9,0,31.24,30.41
2,22.82,39.83,Medium,15,6,42.99,44.39
1,15.96,27.37,Low,15,2,35.29,33.57
2,29.51,40.6,Medium,4,5,52.13,54.42
2,22.25,26.55,Low,3,1,51.15,51.99
3,36.02,30.73,Medium,14,4,89.53,87.59
1,16.96,40.35,Low,20,3,22.83,23.41
2,25.02,39.81,High,20,2,62.49,59.66
1,17.98,44.52,Medium,9,0,29.16,30.99
1,13.79,29.73,Medium,12,1,35.61,33.9
1,15.39,51.9,High,11,2,24.38,26.58
1,12.29,27.95,Low,5,3,24.21,26.34
2,26.59,33.51,Low,1,3,50.06,48.95
3,32.85,53.4,Low,18,3,34.79,35.46
1,16.6,26.45,Low,5,5,38.43,39.43
3,36.24,52.35,Low,23,6,40.79,43.51
3,37.75,29.44,High,7,3,123.97,123.36
3,36.35,47.09,Medium,6,2,59.99,59.3
1,13.06,45.84,Low,4,3,15.84,16.44
2,20.31,48.16,Low,0,2,28.1,26.42
3,36.23,33.3,High,16,3,101.38,103.49
2,27.85,34.89,Low,14,3,49.52,49.76
2,28.78,52.06,Low,15,5,31.55,32.22
1,17.86,38.37,Low,15,3,30.3,29.55
3,38.17,47.1,High,8,4,80.12,79.71
1,17.54,31.94,Medium,8,4,41.87,40.24
2,20.71,43.23,Low,6,2,26.6,27.23
2,27.51,29.89,Low,14,3,55.83,54.61
1,17.4,52.7,Medium,8,2,20.69,23.59
1,15.31,49.85,Medium,7,4,23.69,21.13
3,35.15,30.09,Low,5,2,69.11,68.67
3,37.03,38.71,Medium,3,0,74.13,72.67
1,17.08,48.16,Medium,5,5,23.81,25.05
1,15.82,35.23,Low,23,3,27.69,27.55
1,17.95,43.69,High,3,2,39.34,39.17
1,14.65,25.61,Medium,0,4,38.96,40.96
2,24.6,45.95,Low,2,4,30.43,32.71
3,43.99,38.78,Low,0,3,70.4,68.37
1,13.65,29.81,Low,22,3,28.66,27.15
1,14.36,25.21,High,11,4,50.38,53.29
1,16.7,51.88,Medium,14,2,26.52,24.04
1,12.77,54.11,High,12,1,24.97,22.1
3,38.81,52.12,High,16,0,69.62,71.83
2,21.3,34.94,Low,7,6,38.36,38.29
2,23.15,30.61,High,18,0,73.69,72.56
2,24.56,48.87,Low,14,0,31.23,32.14
1,13.37,53.79,Low,4,2,16.65,14.19
2,27.84,31.43,Low,0,4,50.66,52.89
1,12.39,31.78,High,9,5,38.31,39.32
2,22.03,46.78,High,20,3,45.1,46.22
2,20.61,32.53,Low,18,3,36.88,39.57
2,21.09,52.45,Medium,23,6,26.58,28.95
1,16.08,26.29,High,16,4,56.98,56.8
2,29.83,37.85,High,10,1,73.34,74.23
2,29.68,30.55,Low,5,3,55.39,56.81
1,14.8,39.58,Low,2,0,21.33,22.58
2,24.3,39.21,Low,6,2,33.62,35.73
3,37.56,50.2,Medium,16,0,52.25,54.38
1,15.89,50.48,Medium,19,5,25.15,23.9
2,24.33,44.31,High,7,4,55.03,54.09
1,12.15,42.0,Low,23,1,18.11,17.5
2,24.08,26.69,Low,20,1,55.35,54.09
2,25.05,50.67,High,15,0,43.95,45.5
3,42.87,36.28,Medium,20,5,88.74,88.26
1,14.48,47.52,Low,4,0,19.16,18.43
1,13.92,25.18,Medium,9,2,43.4,41.26
1,15.2,27.22,Low,13,5,32.47,31.89
1,13.73,42.45,High,8,3,31.28,32.09
1,14.21,47.0,Low,20,0,19.27,19.51
2,23.1,29.89,Low,17,4,47.63,47.29
2,22.23,28.94,Low,4,0,43.69,46.46
3,41.1,48.61,Low,20,1,52.56,52.2
3,42.95,47.43,Low,1,0,54.78,53.56
3,34.28,35.41,Medium,1,5,72.29,73.64
3,34.94,29.74,Medium,12,3,86.26,89.23
2,29.22,43.4,Medium,7,5,53.42,51.26
3,34.12,40.57,Medium,7,2,61.91,62.39
1,17.08,27.8,Medium,0,2,43.43,45.19
3,35.41,52.94,Low,4,4,42.23,42.12
1,14.63,38.08,Low,0,0,26.54,24.92
3,30.79,39.29,Medium,4,0,57.32,57.81
2,20.65,45.28,Low,4,2,27.83,28.41
3,43.85,32.36,Medium,10,2,98.35,100.68
2,22.35,51.66,Medium,16,6,34.2,33.54
2,22.48,32.14,Medium,0,0,53.19,52.45
2,26.93,39.91,Medium,12,6,52.57,50.11
3,39.02,47.91,Low,23,5,48.1,47.1
3,44.71,34.84,High,8,6,121.12,123.49
2,27.92,54.68,Low,21,1,30.74,29.26
1,16.48,25.01,Low,0,2,36.52,38.9
2,28.68,52.35,High,19,1,50.0,51.83
2,29.42,46.05,High,17,1,62.19,62.33
3,39.13,47.87,Low,3,0,49.25,47.08
2,20.06,41.41,Low,6,4,33.49,30.93
1,16.37,27.69,Medium,16,0,41.66,43.2
1,14.71,52.66,High,2,2,23.53,24.96
2,27.91,36.14,Low,22,5,44.92,47.02
1,15.01,52.75,Medium,18,0,21.83,19.6
3,32.62,48.12,High,0,2,67.12,65.85
2,28.26,41.44,Medium,10,0,55.0,52.94
2,20.33,39.77,High,8,0,52.12,50.7
3,44.43,43.19,Medium,9,2,81.26,78.36
1,12.95,51.36,Low,23,2,16.93,15.21
3,32.58,52.93,Low,14,3,38.06,38.33
3,33.09,44.98,Low,4,6,40.17,42.59
2,29.59,52.5,Medium,11,6,37.78,40.52
2,21.72,26.65,Low,4,1,48.87,49.58
2,25.26,28.4,Medium,18,6,65.84,67.58
3,33.35,41.32,Medium,6,3,57.41,58.59
3,41.88,51.86,Low,13,6,43.98,46.78
2,22.2,28.48,Low,6,1,44.19,45.05
3,36.34,44.35,Low,2,0,51.56,48.99
3,31.92,46.71,High,16,2,63.69,66.21
3,43.8,55.0,Medium,22,3,57.45,60.39
3,38.04,45.69,Medium,14,1,62.4,62.29
2,23.26,49.82,Low,3,3,27.58,28.15
2,23.98,50.09,Medium,18,2,32.25,35.2
3,31.24,46.33,Low,22,4,36.98,38.54
2,22.15,50.19,Medium,11,1,30.46,32.78
2,21.84,48.2,Medium,3,2,34.92,32.94
1,17.08,35.51,Low,9,1,27.89,28.7
3,44.67,38.89,Low,1,6,65.89,66.96
3,38.51,48.0,Low,3,3,45.48,47.05
3,30.87,43.27,Medium,16,3,52.44,53.12
2,27.41,32.02,Low,12,1,50.26,52.04
1,13.22,30.34,Low,19,2,23.6,25.63
2,22.88,42.96,Low,2,1,29.33,30.79
3,34.65,35.62,Low,22,2,59.08,60.08
3,43.01,37.13,Medium,5,1,88.13,87.6
2,24.92,35.81,Low,20,5,42.2,40.25
2,24.52,34.72,Low,5,5,41.36,42.07
3,34.2,25.43,Low,1,3,79.73,80.72
3,40.18,32.47,Medium,3,4,94.81,92.89
3,32.31,41.3,Medium,2,1,60.1,60.31
2,25.12,52.59,Low,20,5,29.24,29.87
3,35.05,51.55,Low,5,5,37.74,38.92
1,16.9,51.72,Medium,15,4,23.35,22.52
2,20.53,32.47,Low,13,2,35.53,36.48
3,38.6,45.24,Medium,19,2,61.86,63.84
1,12.83,49.21,Low,15,3,16.13,16.76
2,27.6,52.25,Low,21,0,30.51,32.33
3,37.01,43.88,Low,3,6,51.13,52.5
2,21.59,38.09,High,1,1,55.47,52.67
2,22.49,25.87,High,9,5,82.87,82.47
1,17.72,30.1,Low,17,0,38.41,35.78
1,13.8,44.68,Low,1,1,17.99,18.33
2,25.37,44.39,Low,14,4,35.89,33.3
2,22.93,40.28,High,9,1,56.73,54.55
3,34.87,46.39,High,12,6,72.18,72.49
3,37.41,44.71,High,16,0,81.22,80.9
1,14.47,41.29,High,19,6,36.24,35.44
2,24.45,29.65,Low,12,6,48.71,49.47
1,16.89,40.89,Low,1,2,23.51,26.02
3,30.02,30.03,Low,1,2,64.0,61.4
3,44.55,43.07,High,21,0,101.22,99.99
1,17.87,36.28,Medium,23,3,36.76,36.59
3,42.98,37.64,High,19,1,106.37,109.36
1,16.77,29.96,Low,6,6,31.36,33.74
3,38.62,54.08,Low,4,3,45.54,42.55
3,33.45,41.96,Medium,12,0,59.95,59.74
2,24.28,54.42,Low,12,0,29.04,27.07
1,15.18,32.73,Low,12,4,25.36,26.25
3,33.26,51.88,Low,13,0,42.53,39.68
3,43.8,26.71,Medium,13,0,127.18,124.8
2,24.16,45.72,Low,15,0,35.58,33.11
3,42.03,37.28,Low,22,4,69.28,66.82
3,30.98,46.12,Low,2,4,43.43,41.77
2,28.33,41.42,Medium,18,0,49.06,49.5
3,30.28,41.23,Low,12,3,44.93,44.94
2,22.25,28.07,High,12,0,80.57,77.71
1,17.15,42.29,High,1,1,37.85,37.75
3,40.64,49.37,High,1,5,81.8,78.87
2,21.82,53.48,Medium,0,3,34.05,31.42
3,39.86,31.33,Low,14,2,74.94,74.38
3,40.59,34.72,Low,4,0,72.9,70.58
3,36.62,53.76,High,10,6,64.43,64.64
1,13.34,35.09,High,15,4,32.52,34.69
2,26.32,38.32,Medium,3,3,52.27,53.09
1,12.17,25.53,Medium,5,4,36.78,36.95
3,40.36,45.41,Low,21,5,52.35,55.05
2,21.53,29.7,Low,3,3,41.33,43.49
2,26.07,42.96,High,7,3,60.26,58.19
1,17.59,32.42,Medium,16,3,40.26,41.05
2,25.08,36.15,Medium,0,3,56.2,53.65
1,17.32,25.76,Low,7,4,41.91,40.9
3,32.55,45.12,Low,7,6,44.75,43.44
1,15.4,26.98,Low,22,3,32.39,34.63
3,30.7,35.0,High,20,3,84.0,83.16
2,21.48,40.88,Medium,19,6,38.29,38.84
2,28.64,26.28,High,9,0,102.32,105.12
2,26.46,30.14,Medium,23,4,69.3,66.96
3,34.05,43.25,Medium,5,2,56.86,58.33
3,34.34,29.57,High,3,3,109.49,112.1
2,29.71,46.67,Medium,1,1,50.24,48.35
1,12.45,35.62,Low,18,2,24.83,22.66
2,26.22,40.97,Low,5,5,35.19,37.77
1,13.9,37.2,High,4,0,35.24,37.37
2,25.4,30.03,Medium,17,4,66.96,65.36
2,22.47,29.24,Medium,17,5,58.67,56.08
2,25.01,30.93,High,7,4,76.72,78.11
1,16.77,36.07,Low,13,1,25.47,28.2
2,24.76,34.13,Low,6,4,44.99,42.73
3,30.99,35.47,Low,22,4,51.72,51.58
3,33.65,39.78,Low,12,1,47.77,50.47
2,29.08,25.26,Medium,5,1,86.02,87.77
1,14.92,30.19,Medium,20,0,37.56,38.17
2,23.61,40.3,Low,5,2,30.65,33.5
3,41.51,26.04,Medium,9,0,116.99,118.33
2,27.26,46.22,Low,0,5,38.64,37.26
3,44.85,43.43,High,5,2,96.26,97.85
1,16.46,42.65,Medium,19,5,33.14,30.44
2,23.47,29.59,Medium,16,2,57.87,57.8
1,14.86,34.26,Low,15,1,27.34,26.19
1,17.86,31.98,Medium,6,1,44.37,43.38
1,16.98,40.28,Medium,19,6,33.05,30.09
1,15.22,37.1,Low,22,5,27.29,25.37
1,13.2,28.84,High,4,0,42.62,43.91
2,27.07,36.93,Low,6,6,44.37,44.24
2,23.92,40.32,High,6,6,57.77,55.81
3,43.44,46.38,Medium,18,5,72.49,70.79
1,12.55,28.32,Medium,3,1,36.23,33.77
3,34.1,46.45,Medium,14,4,56.51,55.77
1,12.52,40.48,Low,4,3,20.63,18.07
1,16.74,33.17,Medium,22,3,37.1,39.48
3,33.12,48.16,High,8,0,65.97,64.18
3,40.84,33.54,High,2,4,119.23,118.83
2,23.0,29.28,Low,22,5,48.38,47.54
2,22.78,51.55,Medium,13,4,29.19,32.1
1,15.25,50.29,Low,20,1,20.74,19.4
2,25.02,27.29,Medium,21,4,68.82,67.75
3,42.71,48.56,Medium,13,4,67.49,66.75
1,16.15,32.83,High,6,0,49.84,48.47
3,35.3,26.32,High,20,1,126.65,128.3
2,21.92,41.25,Low,20,2,31.41,33.67
3,31.6,35.33,Low,10,5,53.93,53.35
3,43.76,34.93,Medium,23,1,97.05,94.27
1,17.84,41.49,High,16,4,39.87,40.72
2,21.81,29.66,High,16,1,68.98,71.67
3,40.92,40.36,Low,3,0,61.99,59.59
3,40.86,49.49,Low,14,2,50.07,48.08
2,28.71,27.07,Medium,17,1,80.25,80.23
2,22.92,27.5,Medium,10,0,63.42,63.45
2,20.59,53.53,High,22,4,38.05,38.23
2,22.15,45.9,Medium,15,2,37.34,36.45
3,32.19,39.53,Low,20,4,45.38,47.63
2,28.4,46.84,High,18,2,56.97,56.31
2,26.69,49.93,Low,21,1,29.87,30.54
2,29.74,25.09,Low,12,6,70.36,72.2
3,34.12,30.29,Low,3,4,68.43,68.85
1,14.22,54.17,Low,5,4,17.8,16.61
1,14.0,26.72,Medium,21,5,36.63,38.77
2,28.17,54.68,High,23,2,51.01,49.2
2,28.92,47.05,Medium,7,6,49.14,46.69
3,34.74,30.26,Low,15,2,70.06,67.53
1,14.16,31.94,Low,17,3,25.98,25.59
2,21.69,40.76,Medium,3,6,44.01,41.4
2,25.75,46.41,Low,12,3,30.23,32.85
1,17.62,45.94,Low,1,3,21.31,21.58
2,21.92,50.08,Low,22,2,28.82,27.36
3,37.16,38.66,Low,22,4,56.65,56.44
1,16.78,45.76,High,9,2,34.75,34.63
3,31.56,53.59,Low,10,4,33.04,34.43
3,36.91,29.3,High,7,3,117.85,119.01
3,33.61,37.5,High,22,2,82.62,84.22
1,14.72,33.5,Low,5,4,28.15,26.39
1,12.62,46.98,Medium,19,3,18.85,20.9
1,15.27,47.13,Medium,10,1,27.23,24.89
2,28.94,31.81,High,10,4,85.78,85.43
2,24.84,33.16,Low,9,2,47.6,46.39
1,16.78,32.88,High,5,2,44.49,47.02
1,16.66,51.29,Low,5,4,22.49,19.54
2,23.33,31.63,High,10,1,71.55,71.93
3,35.9,52.17,Medium,23,1,49.73,51.62
2,21.44,52.7,Medium,14,1,30.89,31.86
2,21.26,45.12,Low,2,0,30.56,30.19
3,43.11,27.29,Low,12,2,92.45,93.9
1,17.73,47.82,High,3,6,33.14,35.8
3,41.91,33.31,Medium,6,5,96.04,95.95
1,14.36,27.26,Medium,15,5,37.44,40.36
1,17.24,28.64,Medium,4,2,48.28,45.45
1,12.56,42.81,High,5,1,26.07,26.52
1,17.9,37.48,Low,20,3,28.64,26.85
2,29.33,25.77,Medium,20,5,87.49,86.18
2,24.08,54.35,High,4,5,43.95,41.27
2,26.45,30.88,Low,11,6,50.76,53.17
3,37.22,46.73,Medium,15,0,61.44,58.93
1,17.31,32.49,Medium,7,5,39.03,40.12
1,14.78,40.09,High,5,2,36.76,34.38
2,27.52,39.35,High,9,6,71.03,68.28
3,33.29,35.21,Low,7,0,56.02,56.05
2,22.79,33.34,Low,10,4,37.57,39.69
1,13.79,39.06,High,9,5,31.75,33.89
1,13.64,51.94,High,3,3,24.61,24.72
1,15.66,29.8,High,8,3,48.65,51.63
2,24.5,45.78,Medium,11,3,37.67,38.99
3,32.57,25.75,High,10,1,120.73,123.28
2,25.39,33.84,High,0,1,69.37,71.26
3,31.49,33.86,High,18,0,91.8,89.21
1,16.86,40.1,Low,23,3,23.81,24.94
2,25.51,25.16,High,23,4,98.28,97.78
3,30.95,29.72,Medium,12,4,78.94,79.45
3,34.68,29.57,Low,20,0,69.6,71.1
3,38.23,27.96,Low,20,5,81.27,80.64
3,31.44,50.21,Medium,19,5,47.32,47.09
3,39.38,48.48,Low,11,5,45.24,47.98
1,17.49,36.77,Medium,3,0,38.77,37.34
3,41.85,45.68,Low,10,0,53.44,54.4
3,41.63,29.66,High,22,0,134.72,135.54
2,23.0,39.63,Low,21,0,34.8,35.3
3,38.02,46.32,Medium,9,2,64.22,62.86
3,42.59,27.67,Low,5,5,91.25,92.91
3,36.67,51.89,Low,21,6,39.14,40.84
2,25.61,36.0,High,22,2,66.7,67.76
3,34.08,40.11,High,14,5,82.2,79.86
2,21.56,38.92,Medium,5,2,43.08,41.84
3,31.18,51.53,High,22,0,58.35,58.36
1,12.54,49.87,Medium,7,3,20.14,17.61
2,29.92,44.61,Medium,8,2,48.73,48.81
1,12.13,30.16,High,16,0,35.72,37.18
1,12.92,29.56,Medium,19,1,36.77,34.65
3,30.86,46.15,Medium,6,1,50.55,49.23
3,32.96,45.34,Low,11,2,44.72,43.36
1,15.73,52.41,Medium,19,5,26.25,24.06
3,33.47,49.46,Medium,23,6,54.79,52.18
2,21.12,27.31,High,20,0,73.68,75.94
2,27.34,25.82,Medium,0,4,81.55,79.89
1,13.78,54.64,High,22,0,27.77,25.92
1,15.4,44.11,Low,0,6,20.99,22.19
2,23.69,41.38,Low,14,6,30.91,32.87
2,29.53,44.02,Medium,16,3,51.72,49.91
1,12.97,42.73,Low,19,6,16.98,16.85
2,21.56,44.68,Low,13,0,31.43,29.86
1,13.25,38.26,Low,17,2,18.22,20.01
1,15.95,37.13,Medium,4,0,33.86,31.48
3,31.43,54.88,Low,20,6,30.15,32.54
3,39.43,45.0,Medium,20,6,68.68,66.56
3,34.93,52.27,Medium,1,0,46.21,49.0
2,21.15,37.0,Low,2,5,35.64,35.23
1,17.06,47.46,Low,14,0,20.72,23.29
3,30.54,26.77,Low,13,2,63.97,66.85
2,23.03,53.96,Medium,11,5,32.97,33.93
3,35.84,27.0,Medium,9,1,97.8,99.39
3,38.08,37.06,Low,0,2,59.87,61.67
2,22.96,36.41,Medium,6,0,43.91,46.53
2,21.91,54.64,Medium,19,5,27.16,29.13
3,41.86,44.71,Low,20,0,55.47,57.43
3,43.22,26.05,Low,10,0,100.15,100.26
2,23.65,41.0,Low,3,5,36.02,34.03
1,15.63,40.07,High,12,6,32.67,35.49
3,42.86,42.72,Low,9,2,62.31,61.68
2,20.98,54.21,High,17,4,38.33,37.46
1,14.82,51.32,Medium,17,5,20.43,23.14
2,24.61,43.54,Medium,4,5,44.76,41.79
3,44.8,48.81,Low,12,3,52.9,53.64
2,20.4,35.7,Medium,17,4,40.04,42.6
1,13.89,26.17,Medium,10,5,37.3,38.66
2,27.9,45.37,High,18,0,59.52,58.44
1,15.86,52.68,High,11,5,28.6,27.86
2,25.42,40.72,Low,13,4,39.0,36.77
1,12.64,52.38,Medium,11,3,15.99,18.76
1,17.8,53.48,Medium,1,0,24.68,24.62
2,22.48,25.08,Medium,19,3,66.17,67.24
2,26.83,27.72,Low,2,2,58.65,57.01
2,25.01,36.77,Low,23,3,42.26,42.74
2,25.03,43.03,Low,16,3,35.67,36.49
1,14.42,38.34,High,9,4,35.87,34.99
3,34.55,29.18,Low,2,6,75.88,72.94
3,41.4,49.29,Low,6,3,49.04,51.58
1,17.86,28.79,Medium,19,0,47.66,47.35
3,31.32,52.66,Low,1,4,37.25,37.47
1,15.51,31.51,High,4,6,47.39,47.64
2,21.37,39.99,Medium,2,4,37.73,38.38
1,13.79,50.76,High,9,4,22.13,24.17
3,38.59,28.57,Low,6,5,82.48,81.9
2,26.18,53.76,Low,11,6,25.67,27.85
3,34.05,49.84,Medium,3,0,53.12,51.54
2,27.39,46.06,Medium,6,0,44.12,42.73
1,13.09,42.74,High,12,6,33.99,31.36
3,41.29,53.08,Medium,21,1,57.93,58.62
1,14.8,49.57,High,10,3,26.14,28.23
1,17.68,34.38,Low,0,6,29.13,31.48
2,21.32,52.27,Low,4,2,23.23,25.17
2,21.74,31.57,Medium,4,2,55.47,52.82
1,15.46,34.4,Medium,21,2,32.9,33.17
1,17.83,25.98,Medium,3,0,51.41,50.24
1,12.65,32.89,Medium,8,6,28.88,28.53
2,23.48,53.49,Medium,5,0,32.82,32.24
3,39.95,39.71,High,3,3,98.52,95.99
2,23.82,50.24,High,10,5,42.67,44.85
1,16.98,31.83,Low,19,5,31.28,33.06
1,17.79,32.09,Medium,21,2,41.18,42.66
1,15.74,35.02,Low,20,6,29.52,28.67
2,29.79,33.54,Low,3,4,52.01,53.77
3,38.48,36.06,Medium,21,3,79.08,79.56
2,27.04,46.87,Low,14,3,30.72,33.04
1,16.71,46.94,Low,21,1,21.86,21.94
2,23.68,32.74,Medium,16,6,52.83,54.72
1,17.99,31.6,High,12,5,50.75,52.87
3,36.62,26.75,Low,22,4,85.31,83.72
2,27.42,32.47,High,21,3,81.71,79.55
3,43.9,36.32,Low,1,6,70.69,73.26
3,43.57,28.19,High,9,4,147.04,147.1
1,17.23,39.75,Medium,2,4,29.72,31.71
2,29.44,36.79,Medium,4,3,63.05,61.98
3,36.0,31.9,Medium,18,2,82.98,85.68
3,33.0,26.57,Low,13,6,74.08,74.07
2,27.64,54.8,High,19,6,47.77,49.65
3,41.94,26.01,Medium,14,3,122.43,120.44
1,17.66,45.04,High,19,3,34.72,37.59
3,32.34,51.1,Medium,16,3,51.19,48.85
2,21.69,32.52,Medium,6,6,48.65,49.97
1,13.72,36.44,High,17,3,34.54,37.34
1,13.49,34.07,Low,12,2,25.23,23.37
3,44.23,51.42,Low,11,5,51.77,51.0
2,21.95,50.98,Low,6,1,27.07,24.63
2,27.21,40.29,Medium,9,3,51.38,50.31
1,16.76,50.4,Medium,14,5,26.97,25.88
3,35.56,38.58,Low,1,1,56.34,56.34
3,41.8,51.64,Low,8,0,48.01,49.45
1,15.28,40.25,Medium,7,2,27.32,28.38
1,15.56,40.75,Medium,13,5,29.29,27.36
3,36.98,36.02,Medium,3,3,81.55,78.95
3,37.22,30.2,Low,20,3,76.79,74.7
2,29.88,47.08,Medium,23,0,44.76,46.4
1,13.16,42.17,Medium,10,3,22.41,23.95
2,21.88,43.86,Medium,2,3,40.27,37.89
1,16.79,36.58,Low,23,0,27.44,28.19
1,14.19,36.38,High,16,6,36.5,37.51
2,29.18,41.58,High,8,4,69.69,69.36
1,15.87,31.48,Low,15,3,29.65,28.6
3,43.45,31.83,Low,22,6,86.34,83.59
3,38.71,34.47,High,3,3,110.63,108.91
2,24.32,39.3,Medium,13,1,49.25,48.02
1,13.68,49.63,High,8,0,27.96,26.09
3,37.66,48.62,Medium,5,5,58.63,59.3
1,12.57,26.29,Medium,15,4,34.96,35.81
2,25.69,26.92,Medium,0,5,71.1,70.64
2,23.38,29.28,High,18,1,74.75,76.46
2,25.05,39.48,Low,13,0,37.4,40.0
3,36.15,27.03,Medium,8,1,101.03,101.49
3,31.72,30.98,High,8,4,97.51,100.16
1,16.45,46.87,Medium,5,3,29.22,27.94
2,22.66,50.62,High,17,5,46.6,44.75
1,14.68,26.35,Medium,20,5,41.59,43.52
2,20.45,50.35,Low,18,2,27.62,26.07
1,15.47,28.25,Medium,10,2,41.79,42.45
1,14.59,44.61,High,2,1,27.37,29.53
3,33.79,47.47,Medium,2,4,53.36,54.31
3,37.66,28.76,Low,14,1,80.37,79.37
2,24.52,39.27,Medium,1,6,47.84,46.17
3,43.74,49.6,High,15,6,86.12,83.51
2,27.51,40.19,High,5,4,63.7,64.9
2,25.23,38.93,Low,4,2,38.58,38.6
3,42.44,45.19,Medium,1,2,71.1,72.22
1,13.22,27.52,Low,6,5,31.17,29.17
2,28.89,28.87,Low,18,1,58.45,60.59
2,25.03,30.71,Medium,11,3,63.76,61.09
2,23.11,39.19,Medium,16,1,44.33,44.87
2,21.19,48.72,Low,9,2,23.74,25.63
1,12.0,47.45,Low,6,1,17.65,15.77
2,24.76,45.71,Low,14,0,34.1,32.31
2,21.21,42.48,Low,9,0,29.9,31.51
1,17.7,50.67,Medium,6,1,27.07,26.75
2,28.36,54.47,Low,9,2,35.37,32.42
1,13.88,36.91,Low,6,1,21.62,23.04
3,41.42,33.01,Low,2,1,74.18,75.97
2,24.79,53.34,Medium,17,3,33.94,33.84
3,36.69,38.11,Low,18,3,59.73,56.82
3,41.84,54.74,Medium,20,1,52.96,55.53
1,14.55,54.76,Medium,3,6,18.31,18.9
2,20.08,36.43,Low,23,4,34.74,31.93
3,38.19,31.2,Medium,2,2,93.02,91.57
3,39.83,45.62,Low,6,4,50.97,51.63
2,26.78,29.61,Low,15,3,54.23,55.48
3,44.59,42.48,Low,23,6,62.24,61.98
1,13.85,42.63,Low,19,5,18.61,21.45
1,14.91,39.45,Low,20,4,26.96,24.13
2,26.38,42.96,Low,23,4,35.3,37.79
3,44.24,39.49,High,16,1,110.52,107.91
2,23.74,28.12,High,8,4,81.01,82.17
2,22.09,50.48,High,16,6,40.12,41.7
2,22.42,53.6,Medium,20,1,31.47,29.7
1,13.36,43.4,High,4,1,27.34,29.5
2,23.64,44.45,Low,7,1,30.61,31.45
1,13.99,29.34,Medium,19,5,36.32,33.97
2,28.31,38.84,Medium,15,6,54.72,55.97
2,23.63,42.13,Medium,5,1,39.97,40.13
3,31.75,41.6,Low,15,5,41.97,44.68
2,26.71,35.86,Low,15,6,48.11,46.55
3,31.7,28.01,Medium,10,3,87.17,85.29
2,24.02,29.68,Medium,9,2,59.17,60.99
3,31.9,47.65,High,4,1,66.28,64.72
2,20.2,47.42,Medium,22,6,34.43,31.45
1,14.41,41.43,Low,15,0,23.89,21.52
2,28.09,37.95,Low,13,0,44.91,45.26
3,39.59,33.55,Medium,21,6,88.91,87.57
3,41.76,37.61,Medium,2,6,79.91,82.85
3,39.05,39.84,Low,1,3,60.5,59.91
3,38.12,52.47,High,17,3,67.77,70.11
2,29.02,52.29,Medium,11,3,39.8,42.67
3,30.31,28.24,Low,3,4,64.3,65.16
2,22.77,31.95,Low,5,4,42.94,44.76
3,38.57,42.35,High,9,4,86.01,88.92
3,40.04,48.73,Low,2,6,50.52,47.81
1,16.89,32.69,Medium,11,1,40.53,40.4
2,26.93,26.85,Medium,9,0,75.11,75.46
3,32.13,40.39,Medium,18,4,57.78,57.79
3,30.27,41.28,Low,4,4,40.94,42.66
1,13.24,35.09,Low,2,4,20.54,23.18
1,14.22,52.21,Medium,19,4,21.63,20.58
3,41.67,45.97,Medium,12,0,70.63,69.02
1,14.6,35.88,Low,20,5,21.08,23.11
2,24.03,25.25,Medium,4,4,69.8,72.07
2,24.69,34.9,Low,15,3,42.55,41.83
3,40.88,43.06,Medium,23,2,74.05,72.8
2,22.41,34.45,Medium,19,6,49.12,48.63
3,43.5,37.77,Low,17,5,73.04,70.54
1,13.23,48.54,Low,16,2,19.91,18.3
2,29.12,28.66,Low,20,0,61.01,61.69
2,28.12,47.22,Medium,6,2,49.22,46.55
1,13.13,53.13,Low,5,0,14.43,16.3
1,12.83,34.77,High,9,0,35.31,36.94
3,33.92,40.14,Medium,5,2,65.71,63.63
3,41.25,46.29,Low,12,2,53.96,52.62
2,23.77,45.64,Medium,0,3,40.1,38.32
1,12.85,33.03,High,6,2,40.18,37.74
1,17.94,50.29,High,23,3,38.67,35.77
1,16.91,53.98,Low,4,5,20.19,20.77
2,25.05,51.23,Low,17,3,29.66,31.04
3,42.5,47.83,Low,15,0,53.03,52.45
1,13.37,33.18,Medium,15,1,29.67,30.17
